,Unnamed: 0,Country,Year,Production,Consumption,Name,Latitude,Longitude
0,0,Algeria,1991,17.57,14.37433061638275,DZ,28.033886,1.6596259999999998
1,1,Algeria,1992,17.810000000000006,14.689716168547655,DZ,28.033886,1.6596259999999998
2,2,Algeria,1993,18.3,15.11625647178901,DZ,28.033886,1.6596259999999998
3,3,Algeria,1994,18.2,15.278888908085158,DZ,28.033886,1.6596259999999998
4,4,Algeria,1995,18.17,14.980470033870391,DZ,28.033886,1.6596259999999998
5,5,Algeria,1996,18.22,15.273440899991293,DZ,28.033886,1.6596259999999998
6,6,Algeria,1997,17.21,14.496254649066572,DZ,28.033886,1.6596259999999998
7,7,Algeria,1998,18.34,15.457753071509009,DZ,28.033886,1.6596259999999998
8,8,Algeria,1999,18.03,15.102765828472814,DZ,28.033886,1.6596259999999998
9,9,Algeria,2000,18.37,15.37984957506592,DZ,28.033886,1.6596259999999998
10,10,Algeria,2001,16.83,14.239171999523904,DZ,28.033886,1.6596259999999998
11,11,Algeria,2002,17.58,15.008257167230544,DZ,28.033886,1.6596259999999998
12,12,Algeria,2003,18.77,15.692598431419276,DZ,28.033886,1.6596259999999998
13,13,Algeria,2004,20.74,17.233025832169822,DZ,28.033886,1.6596259999999998
14,14,Algeria,2005,20.91,17.427615637781663,DZ,28.033886,1.6596259999999998
15,15,Algeria,2006,19.6,16.405066411688757,DZ,28.033886,1.6596259999999998
16,16,Algeria,2007,19.44,16.318968232124426,DZ,28.033886,1.6596259999999998
17,17,Algeria,2008,18.71,15.7283346154929,DZ,28.033886,1.6596259999999998
18,18,Algeria,2009,19.35,16.244376343682053,DZ,28.033886,1.6596259999999998
19,19,Algeria,2010,18.35,16.13545949401933,DZ,28.033886,1.6596259999999998
20,20,Algeria,2011,19.85,16.80577975457232,DZ,28.033886,1.6596259999999998
21,21,Algeria,2012,21.01,17.760954159825612,DZ,28.033886,1.6596259999999998
22,22,Algeria,2013,21.07,17.791795661986264,DZ,28.033886,1.6596259999999998
23,23,Argentina,1991,87.03,67.99564986105361,AR,-38.416097,-63.616671999999994
24,24,Argentina,1992,90.36,72.47054290612242,AR,-38.416097,-63.616671999999994
25,25,Argentina,1993,98.57,76.57587575033908,AR,-38.416097,-63.616671999999994
26,26,Argentina,1994,97.17,74.0550240379628,AR,-38.416097,-63.616671999999994
27,27,Argentina,1995,90.88,70.96751004135045,AR,-38.416097,-63.616671999999994
28,28,Argentina,1996,87.78,69.77829877227245,AR,-38.416097,-63.616671999999994
29,29,Argentina,1997,89.21,70.90976844720079,AR,-38.416097,-63.616671999999994
30,30,Argentina,1998,93.25,71.47523640947794,AR,-38.416097,-63.616671999999994
31,31,Argentina,1999,99.87,76.02291331940829,AR,-38.416097,-63.616671999999994
32,32,Argentina,2000,98.76000000000002,74.57078477766291,AR,-38.416097,-63.616671999999994
33,33,Argentina,2001,94.18,65.41384070202227,AR,-38.416097,-63.616671999999994
34,34,Argentina,2002,79.66999999999999,62.264053889682856,AR,-38.416097,-63.616671999999994
35,35,Argentina,2003,83.44999999999997,65.8299594388256,AR,-38.416097,-63.616671999999994
36,36,Argentina,2004,87.26,70.21725620393191,AR,-38.416097,-63.616671999999994
37,37,Argentina,2005,89.78999999999998,72.9348481396642,AR,-38.416097,-63.616671999999994
38,38,Argentina,2006,93.79,76.14223845898725,AR,-38.416097,-63.616671999999994
39,39,Argentina,2007,94.94,81.8658232891585,AR,-38.416097,-63.616671999999994
40,40,Argentina,2008,97.32,83.0763107348564,AR,-38.416097,-63.616671999999994
41,41,Argentina,2009,99.65,84.26967047639158,AR,-38.416097,-63.616671999999994
42,42,Argentina,2010,100.69,80.495852622052,AR,-38.416097,-63.616671999999994
43,43,Argentina,2011,105.34,80.28220564545248,AR,-38.416097,-63.616671999999994
44,44,Argentina,2012,106.27,80.9905742530208,AR,-38.416097,-63.616671999999994
45,45,Argentina,2013,107.25,84.66433180222697,AR,-38.416097,-63.616671999999994
46,46,Australia,1991,112.12,83.4374133834259,AU,-25.274398,133.775136
47,47,Australia,1992,112.14,81.22254961838848,AU,-25.274398,133.775136
48,48,Australia,1993,110.81,81.6479051733333,AU,-25.274398,133.775136
49,49,Australia,1994,111.69,83.4127015944378,AU,-25.274398,133.775136
50,50,Australia,1995,108.77,79.42889651225359,AU,-25.274398,133.775136
51,51,Australia,1996,107.63,80.43330896227491,AU,-25.274398,133.775136
52,52,Australia,1997,105.89,83.7253630506092,AU,-25.274398,133.775136
53,53,Australia,1998,110.71,84.3024479816774,AU,-25.274398,133.775136
54,54,Australia,1999,110.37,85.59289900301141,AU,-25.274398,133.775136
55,55,Australia,2000,111.06,87.0223391266279,AU,-25.274398,133.775136
56,56,Australia,2001,109.96,83.330461712118,AU,-25.274398,133.775136
57,57,Australia,2002,110.72,86.72771455711259,AU,-25.274398,133.775136
58,58,Australia,2003,117.88,86.17815085849159,AU,-25.274398,133.775136
59,59,Australia,2004,107.74,90.5056989829463,AU,-25.274398,133.775136
60,60,Australia,2005,117.28,91.1975099692704,AU,-25.274398,133.775136
61,61,Australia,2006,111.8,92.2565101875025,AU,-25.274398,133.775136
62,62,Australia,2007,122.1,90.9990429704039,AU,-25.274398,133.775136
63,63,Australia,2008,112.38,86.75688598901621,AU,-25.274398,133.775136
64,64,Australia,2009,112.28,87.17370261029629,AU,-25.274398,133.775136
65,65,Australia,2010,111.95,92.05821507760356,AU,-25.274398,133.775136
66,66,Australia,2011,121.11,90.43918022065428,AU,-25.274398,133.775136
67,67,Australia,2012,117.33,91.98230317056587,AU,-25.274398,133.775136
68,68,Australia,2013,116.22,92.56678853711736,AU,-25.274398,133.775136
69,69,Bangladesh,1991,2.95,2.2525185789876083,BD,23.684994,90.35633100000001
70,70,Bangladesh,1992,3.01,2.2941336814086934,BD,23.684994,90.35633100000001
71,71,Bangladesh,1993,3.09,2.365431165697818,BD,23.684994,90.35633100000001
72,72,Bangladesh,1994,3.15,2.4090340150444685,BD,23.684994,90.35633100000001
73,73,Bangladesh,1995,3.22,2.4529725604053843,BD,23.684994,90.35633100000001
74,74,Bangladesh,1996,3.18,2.6263958527155613,BD,23.684994,90.35633100000001
75,75,Bangladesh,1997,3.3400000000000003,2.7376290243967767,BD,23.684994,90.35633100000001
76,76,Bangladesh,1998,3.3000000000000003,2.590799384447503,BD,23.684994,90.35633100000001
77,77,Bangladesh,1999,3.3600000000000003,2.6001535438657752,BD,23.684994,90.35633100000001
78,78,Bangladesh,2000,3.39,2.57402624482464,BD,23.684994,90.35633100000001
79,79,Bangladesh,2001,3.4200000000000004,2.5430564347611977,BD,23.684994,90.35633100000001
80,80,Bangladesh,2002,3.5000000000000004,2.582427124258764,BD,23.684994,90.35633100000001
81,81,Bangladesh,2003,3.5800000000000005,2.7451630845763035,BD,23.684994,90.35633100000001
82,82,Bangladesh,2004,3.62,2.836334283534973,BD,23.684994,90.35633100000001
83,83,Bangladesh,2005,3.68,2.9093971061914328,BD,23.684994,90.35633100000001
84,84,Bangladesh,2006,3.78,3.0095440310236365,BD,23.684994,90.35633100000001
85,85,Bangladesh,2007,3.88,3.0791444662077008,BD,23.684994,90.35633100000001
86,86,Bangladesh,2008,3.9,3.1016014114301136,BD,23.684994,90.35633100000001
87,87,Bangladesh,2009,3.9700000000000006,3.16598786411523,BD,23.684994,90.35633100000001
88,88,Bangladesh,2010,4.03,3.2149480433498154,BD,23.684994,90.35633100000001
89,89,Bangladesh,2011,4.11,3.2748480984495925,BD,23.684994,90.35633100000001
90,90,Bangladesh,2012,4.109999999999999,3.2834512431260165,BD,23.684994,90.35633100000001
91,91,Bangladesh,2013,4.109999999999999,3.2874055123974717,BD,23.684994,90.35633100000001
92,92,Brazil,1991,52.64,38.87844354429415,BR,-14.235004,-51.92528
93,93,Brazil,1992,53.68,39.39559288930378,BR,-14.235004,-51.92528
94,94,Brazil,1993,55.3,40.70682882102444,BR,-14.235004,-51.92528
95,95,Brazil,1994,60.56,44.22203672965802,BR,-14.235004,-51.92528
96,96,Brazil,1995,69.02,50.08500874775566,BR,-14.235004,-51.92528
97,97,Brazil,1996,70.25,51.795375606783686,BR,-14.235004,-51.92528
98,98,Brazil,1997,71.93,52.45189860500313,BR,-14.235004,-51.92528
99,99,Brazil,1998,72.22,53.60272326824104,BR,-14.235004,-51.92528
100,100,Brazil,1999,76.42999999999998,55.857226953636534,BR,-14.235004,-51.92528
101,101,Brazil,2000,78.98,61.4445306488684,BR,-14.235004,-51.92528
102,102,Brazil,2001,76.38000000000002,62.52986710077196,BR,-14.235004,-51.92528
103,103,Brazil,2002,78.69,64.58564779461743,BR,-14.235004,-51.92528
104,104,Brazil,2003,79.67,62.31053899016632,BR,-14.235004,-51.92528
105,105,Brazil,2004,81.21000000000002,62.760876192385,BR,-14.235004,-51.92528
106,106,Brazil,2005,74.52000000000002,64.07667477171492,BR,-14.235004,-51.92528
107,107,Brazil,2006,77.9,65.29422549293469,BR,-14.235004,-51.92528
108,108,Brazil,2007,80.53999999999998,69.1140470665749,BR,-14.235004,-51.92528
109,109,Brazil,2008,86.19,71.37827783289605,BR,-14.235004,-51.92528
110,110,Brazil,2009,85.22,72.47211734861375,BR,-14.235004,-51.92528
111,111,Brazil,2010,89.46000000000002,75.35539267589589,BR,-14.235004,-51.92528
112,112,Brazil,2011,92.98,76.89828612862058,BR,-14.235004,-51.92528
113,113,Brazil,2012,93.53,76.2914610449887,BR,-14.235004,-51.92528
114,114,Brazil,2013,97.58,75.63286268641961,BR,-14.235004,-51.92528
115,115,Canada,1991,91.0,71.21825646240592,CA,56.130366,-106.34677099999999
116,116,Canada,1992,92.71,72.56115700436095,CA,56.130366,-106.34677099999999
117,117,Canada,1993,91.41,71.49858271287734,CA,56.130366,-106.34677099999999
118,118,Canada,1994,94.94,74.13838112263201,CA,56.130366,-106.34677099999999
119,119,Canada,1995,93.73,73.49570327498675,CA,56.130366,-106.34677099999999
120,120,Canada,1996,91.85,71.6103806325663,CA,56.130366,-106.34677099999999
121,121,Canada,1997,92.84,71.65575733220591,CA,56.130366,-106.34677099999999
122,122,Canada,1998,98.05,75.1229899020565,CA,56.130366,-106.34677099999999
123,123,Canada,1999,102.05,77.83927459292202,CA,56.130366,-106.34677099999999
124,124,Canada,2000,101.28,77.86397278370656,CA,56.130366,-106.34677099999999
125,125,Canada,2001,101.28,78.37852232545974,CA,56.130366,-106.34677099999999
126,126,Canada,2002,100.75,77.73590394601584,CA,56.130366,-106.34677099999999
127,127,Canada,2003,99.19,77.02114246304978,CA,56.130366,-106.34677099999999
128,128,Canada,2004,99.71,77.46805009069642,CA,56.130366,-106.34677099999999
129,129,Canada,2005,95.39,74.13951626512002,CA,56.130366,-106.34677099999999
130,130,Canada,2006,95.52,74.58922999994545,CA,56.130366,-106.34677099999999
131,131,Canada,2007,98.79,76.43845204263495,CA,56.130366,-106.34677099999999
132,132,Canada,2008,96.35,74.92580283638979,CA,56.130366,-106.34677099999999
133,133,Canada,2009,94.3,73.17940971700261,CA,56.130366,-106.34677099999999
134,134,Canada,2010,92.03,71.30828217656001,CA,56.130366,-106.34677099999999
135,135,Canada,2011,91.89,69.24251610764253,CA,56.130366,-106.34677099999999
136,136,Canada,2012,92.47,69.6748116292564,CA,56.130366,-106.34677099999999
137,137,Canada,2013,90.76,68.71043646103215,CA,56.130366,-106.34677099999999
138,138,Chile,1991,38.18,29.37386036445875,CL,-35.675146999999996,-71.542969
139,139,Chile,1992,42.75,33.776223611276194,CL,-35.675146999999996,-71.542969
140,140,Chile,1993,47.97,38.03412228166997,CL,-35.675146999999996,-71.542969
141,141,Chile,1994,52.94,40.969402344866964,CL,-35.675146999999996,-71.542969
142,142,Chile,1995,56.37,45.40090559455102,CL,-35.675146999999996,-71.542969
143,143,Chile,1996,58.85,47.29223771570195,CL,-35.675146999999996,-71.542969
144,144,Chile,1997,60.94000000000001,48.98839049010997,CL,-35.675146999999996,-71.542969
145,145,Chile,1998,62.47000000000001,50.490208399520476,CL,-35.675146999999996,-71.542969
146,146,Chile,1999,62.1,50.4630024645917,CL,-35.675146999999996,-71.542969
147,147,Chile,2000,64.99000000000001,53.041484886140424,CL,-35.675146999999996,-71.542969
148,148,Chile,2001,65.59,53.24636258156765,CL,-35.675146999999996,-71.542969
149,149,Chile,2002,64.74000000000001,52.72330173597821,CL,-35.675146999999996,-71.542969
150,150,Chile,2003,67.0,54.13855824205449,CL,-35.675146999999996,-71.542969
151,151,Chile,2004,69.17,55.865851574047014,CL,-35.675146999999996,-71.542969
152,152,Chile,2005,70.37,56.56608830328453,CL,-35.675146999999996,-71.542969
153,153,Chile,2006,75.39,60.88921622164502,CL,-35.675146999999996,-71.542969
154,154,Chile,2007,77.78,63.33833453807697,CL,-35.675146999999996,-71.542969
155,155,Chile,2008,77.6,62.15089227785939,CL,-35.675146999999996,-71.542969
156,156,Chile,2009,73.94,59.89675554784439,CL,-35.675146999999996,-71.542969
157,157,Chile,2010,77.26,62.51524385764372,CL,-35.675146999999996,-71.542969
158,158,Chile,2011,79.52,64.73809262201547,CL,-35.675146999999996,-71.542969
159,159,Chile,2012,81.78999999999998,66.16119674910456,CL,-35.675146999999996,-71.542969
160,160,Chile,2013,85.7,69.16202534958511,CL,-35.675146999999996,-71.542969
161,161,Colombia,1991,35.48999999999999,26.60440813969901,CO,4.570868,-74.297333
162,162,Colombia,1992,33.16,25.130854126193647,CO,4.570868,-74.297333
163,163,Colombia,1993,34.06,25.934952094436888,CO,4.570868,-74.297333
164,164,Colombia,1994,36.19000000000001,27.74529553649648,CO,4.570868,-74.297333
165,165,Colombia,1995,38.86,29.74575596696546,CO,4.570868,-74.297333
166,166,Colombia,1996,36.55,27.803592416523472,CO,4.570868,-74.297333
167,167,Colombia,1997,35.37,26.825436707748786,CO,4.570868,-74.297333
168,168,Colombia,1998,35.97,27.458284969743108,CO,4.570868,-74.297333
169,169,Colombia,1999,34.67,26.60168641924211,CO,4.570868,-74.297333
170,170,Colombia,2000,35.09,27.031508792702517,CO,4.570868,-74.297333
171,171,Colombia,2001,35.63,27.770926331048994,CO,4.570868,-74.297333
172,172,Colombia,2002,35.94,28.218660946217042,CO,4.570868,-74.297333
173,173,Colombia,2003,35.45,28.05977868270068,CO,4.570868,-74.297333
174,174,Colombia,2004,36.97,29.28506961868884,CO,4.570868,-74.297333
175,175,Colombia,2005,40.33,31.53101120833608,CO,4.570868,-74.297333
176,176,Colombia,2006,42.18000000000001,33.586749077351044,CO,4.570868,-74.297333
177,177,Colombia,2007,43.40000000000001,34.85233122965474,CO,4.570868,-74.297333
178,178,Colombia,2008,44.27,35.889541722956274,CO,4.570868,-74.297333
179,179,Colombia,2009,43.68,34.92051748844239,CO,4.570868,-74.297333
180,180,Colombia,2010,45.8,36.27240674156817,CO,4.570868,-74.297333
181,181,Colombia,2011,46.42,37.886974763206375,CO,4.570868,-74.297333
182,182,Colombia,2012,48.31,39.35707883488887,CO,4.570868,-74.297333
183,183,Colombia,2013,50.8,41.94721175708187,CO,4.570868,-74.297333
184,184,Egypt,1991,15.889999999999995,11.447424962077374,EG,26.820553000000004,30.802497999999996
185,185,Egypt,1992,15.980000000000002,11.487046778097556,EG,26.820553000000004,30.802497999999996
186,186,Egypt,1993,16.02,12.228247081063756,EG,26.820553000000004,30.802497999999996
187,187,Egypt,1994,18.26,12.795553005939825,EG,26.820553000000004,30.802497999999996
188,188,Egypt,1995,18.95,13.141766262995816,EG,26.820553000000004,30.802497999999996
189,189,Egypt,1996,18.56,13.453440118448393,EG,26.820553000000004,30.802497999999996
190,190,Egypt,1997,21.17,15.565233465375496,EG,26.820553000000004,30.802497999999996
191,191,Egypt,1998,21.51,15.462368537177596,EG,26.820553000000004,30.802497999999996
192,192,Egypt,1999,21.96,16.040438139445065,EG,26.820553000000004,30.802497999999996
193,193,Egypt,2000,22.88000000000001,16.47942705703821,EG,26.820553000000004,30.802497999999996
194,194,Egypt,2001,20.04,14.421849440983793,EG,26.820553000000004,30.802497999999996
195,195,Egypt,2002,20.67,14.896618483117239,EG,26.820553000000004,30.802497999999996
196,196,Egypt,2003,20.92,15.167833187054026,EG,26.820553000000004,30.802497999999996
197,197,Egypt,2004,21.73,15.616866498442102,EG,26.820553000000004,30.802497999999996
198,198,Egypt,2005,23.01,16.426276705276013,EG,26.820553000000004,30.802497999999996
199,199,Egypt,2006,26.24,18.63196628903396,EG,26.820553000000004,30.802497999999996
200,200,Egypt,2007,28.410000000000004,20.064085804415747,EG,26.820553000000004,30.802497999999996
201,201,Egypt,2008,25.45,18.743640482718067,EG,26.820553000000004,30.802497999999996
202,202,Egypt,2009,26.88,19.784829997697734,EG,26.820553000000004,30.802497999999996
203,203,Egypt,2010,29.120000000000005,20.58873253479754,EG,26.820553000000004,30.802497999999996
204,204,Egypt,2011,27.88000000000001,20.246186698442237,EG,26.820553000000004,30.802497999999996
205,205,Egypt,2012,29.12,21.717726524003336,EG,26.820553000000004,30.802497999999996
206,206,Egypt,2013,30.47,19.9137328764348,EG,26.820553000000004,30.802497999999996
207,207,Ethiopia,1991,0.0,0.0,ET,9.145,40.489672999999996
208,208,Ethiopia,1992,0.0,0.0,ET,9.145,40.489672999999996
209,209,Ethiopia,1993,7.349999999999999,4.6213448012395375,ET,9.145,40.489672999999996
210,210,Ethiopia,1994,7.1,4.463708392725423,ET,9.145,40.489672999999996
211,211,Ethiopia,1995,6.839999999999999,4.363593416383012,ET,9.145,40.489672999999996
212,212,Ethiopia,1996,7.24,4.6069150105769765,ET,9.145,40.489672999999996
213,213,Ethiopia,1997,7.1,4.489495224923084,ET,9.145,40.489672999999996
214,214,Ethiopia,1998,7.02,4.460387997249662,ET,9.145,40.489672999999996
215,215,Ethiopia,1999,7.14,4.492940063975052,ET,9.145,40.489672999999996
216,216,Ethiopia,2000,6.96,4.420290291314738,ET,9.145,40.489672999999996
217,217,Ethiopia,2001,7.289999999999999,4.615375842573666,ET,9.145,40.489672999999996
218,218,Ethiopia,2002,8.139999999999999,5.1742285289476,ET,9.145,40.489672999999996
219,219,Ethiopia,2003,7.81,4.928188795356318,ET,9.145,40.489672999999996
220,220,Ethiopia,2004,7.77,4.937524636956791,ET,9.145,40.489672999999996
221,221,Ethiopia,2005,7.809999999999999,4.975953690736131,ET,9.145,40.489672999999996
222,222,Ethiopia,2006,8.179999999999998,5.2784201520835365,ET,9.145,40.489672999999996
223,223,Ethiopia,2007,8.129999999999999,5.238344424050993,ET,9.145,40.489672999999996
224,224,Ethiopia,2008,8.229999999999999,5.201276221686637,ET,9.145,40.489672999999996
225,225,Ethiopia,2009,7.81,4.932821114603278,ET,9.145,40.489672999999996
226,226,Ethiopia,2010,8.479999999999999,5.387508549674795,ET,9.145,40.489672999999996
227,227,Ethiopia,2011,7.979999999999999,5.091549287937621,ET,9.145,40.489672999999996
228,228,Ethiopia,2012,7.16,4.522990857805205,ET,9.145,40.489672999999996
229,229,Ethiopia,2013,7.06,4.495212851067546,ET,9.145,40.489672999999996
230,230,Ghana,1991,12.24,4.569646221366589,GH,7.946527000000001,-1.0231940000000002
231,231,Ghana,1992,12.090000000000002,4.342169132593873,GH,7.946527000000001,-1.0231940000000002
232,232,Ghana,1993,11.89,3.7492361968512418,GH,7.946527000000001,-1.0231940000000002
233,233,Ghana,1994,11.13,3.629277559558704,GH,7.946527000000001,-1.0231940000000002
234,234,Ghana,1995,10.999999999999998,3.647755890314353,GH,7.946527000000001,-1.0231940000000002
235,235,Ghana,1996,9.95,3.4841439996365624,GH,7.946527000000001,-1.0231940000000002
236,236,Ghana,1997,10.17,3.5199202212131,GH,7.946527000000001,-1.0231940000000002
237,237,Ghana,1998,9.6,3.3646817493005985,GH,7.946527000000001,-1.0231940000000002
238,238,Ghana,1999,10.49,4.1012965862961215,GH,7.946527000000001,-1.0231940000000002
239,239,Ghana,2000,10.57,4.207173549627379,GH,7.946527000000001,-1.0231940000000002
240,240,Ghana,2001,10.05,3.8551244441219454,GH,7.946527000000001,-1.0231940000000002
241,241,Ghana,2002,10.61,4.624983197039853,GH,7.946527000000001,-1.0231940000000002
242,242,Ghana,2003,12.31,5.700946546238934,GH,7.946527000000001,-1.0231940000000002
243,243,Ghana,2004,11.97,5.284904529595993,GH,7.946527000000001,-1.0231940000000002
244,244,Ghana,2005,12.009999999999998,5.645758130971676,GH,7.946527000000001,-1.0231940000000002
245,245,Ghana,2006,12.3,6.374849728201075,GH,7.946527000000001,-1.0231940000000002
246,246,Ghana,2007,13.91,8.229743910255845,GH,7.946527000000001,-1.0231940000000002
247,247,Ghana,2008,14.23,8.077550017477135,GH,7.946527000000001,-1.0231940000000002
248,248,Ghana,2009,13.49,7.453245370924839,GH,7.946527000000001,-1.0231940000000002
249,249,Ghana,2010,15.01,8.538625932601432,GH,7.946527000000001,-1.0231940000000002
250,250,Ghana,2011,16.909999999999997,9.757506468499914,GH,7.946527000000001,-1.0231940000000002
251,251,Ghana,2012,16.82,10.379509374990214,GH,7.946527000000001,-1.0231940000000002
252,252,Ghana,2013,17.43,11.046294530398708,GH,7.946527000000001,-1.0231940000000002
253,253,Haiti,1991,8.170000000000002,5.353846748552819,HT,18.971187,-72.28521500000001
254,254,Haiti,1992,8.53,5.650489984391436,HT,18.971187,-72.28521500000001
255,255,Haiti,1993,8.840000000000002,5.935703188282626,HT,18.971187,-72.28521500000001
256,256,Haiti,1994,9.03,6.5486109934839565,HT,18.971187,-72.28521500000001
257,257,Haiti,1995,9.27,7.41961761219262,HT,18.971187,-72.28521500000001
258,258,Haiti,1996,10.43,7.19347690994344,HT,18.971187,-72.28521500000001
259,259,Haiti,1997,11.03,7.810699030442738,HT,18.971187,-72.28521500000001
260,260,Haiti,1998,12.44,9.074309073824713,HT,18.971187,-72.28521500000001
261,261,Haiti,1999,13.9,10.39217552710485,HT,18.971187,-72.28521500000001
262,262,Haiti,2000,13.010000000000002,9.294436906377207,HT,18.971187,-72.28521500000001
263,263,Haiti,2001,13.71,9.691046136005973,HT,18.971187,-72.28521500000001
264,264,Haiti,2002,14.84,10.666980578941773,HT,18.971187,-72.28521500000001
265,265,Haiti,2003,15.330000000000002,11.1624051975367,HT,18.971187,-72.28521500000001
266,266,Haiti,2004,13.36,9.669729076517848,HT,18.971187,-72.28521500000001
267,267,Haiti,2005,14.21,10.674254944993258,HT,18.971187,-72.28521500000001
268,268,Haiti,2006,13.61,10.406526184231224,HT,18.971187,-72.28521500000001
269,269,Haiti,2007,14.29,10.877936080092411,HT,18.971187,-72.28521500000001
270,270,Haiti,2008,14.39,10.43983954877472,HT,18.971187,-72.28521500000001
271,271,Haiti,2009,14.58,11.428049467418385,HT,18.971187,-72.28521500000001
272,272,Haiti,2010,16.24,13.196501467055745,HT,18.971187,-72.28521500000001
273,273,Haiti,2011,18.24,13.888765674147287,HT,18.971187,-72.28521500000001
274,274,Haiti,2012,18.54,13.818869589642368,HT,18.971187,-72.28521500000001
275,275,Haiti,2013,18.009999999999994,13.461473936488915,HT,18.971187,-72.28521500000001
276,276,India,1991,4.22,3.1201313717252344,IN,20.593684,78.96288
277,277,India,1992,4.22,3.1227365278978882,IN,20.593684,78.96288
278,278,India,1993,4.23,3.12642097445013,IN,20.593684,78.96288
279,279,India,1994,4.1800000000000015,3.082799725666411,IN,20.593684,78.96288
280,280,India,1995,4.1000000000000005,3.0423313607866262,IN,20.593684,78.96288
281,281,India,1996,4.08,3.0998975452052577,IN,20.593684,78.96288
282,282,India,1997,4.0200000000000005,2.9772586112336663,IN,20.593684,78.96288
283,283,India,1998,4.0600000000000005,3.00914132565795,IN,20.593684,78.96288
284,284,India,1999,4.050000000000002,3.0143289322387927,IN,20.593684,78.96288
285,285,India,2000,3.98,2.966565014261921,IN,20.593684,78.96288
286,286,India,2001,4.029999999999999,3.007216638892162,IN,20.593684,78.96288
287,287,India,2002,4.07,3.076841701563861,IN,20.593684,78.96288
288,288,India,2003,4.09,3.0382645471016985,IN,20.593684,78.96288
289,289,India,2004,4.18,3.049503878759123,IN,20.593684,78.96288
290,290,India,2005,4.13,3.0219352161792736,IN,20.593684,78.96288
291,291,India,2006,4.16,3.0881646429105265,IN,20.593684,78.96288
292,292,India,2007,4.35,3.2473736244460314,IN,20.593684,78.96288
293,293,India,2008,4.41,3.288194970093086,IN,20.593684,78.96288
294,294,India,2009,4.44,3.3895407689149204,IN,20.593684,78.96288
295,295,India,2010,4.38,3.299927752584037,IN,20.593684,78.96288
296,296,India,2011,4.1400000000000015,3.1001101201967014,IN,20.593684,78.96288
297,297,India,2012,4.11,3.0092997596909736,IN,20.593684,78.96288
298,298,India,2013,3.69,2.7881383862033324,IN,20.593684,78.96288
299,299,Indonesia,1991,8.64,6.851782257473055,ID,-0.789275,113.921327
300,300,Indonesia,1992,9.1,6.765050028733162,ID,-0.789275,113.921327
301,301,Indonesia,1993,9.77,7.762847858461052,ID,-0.789275,113.921327
302,302,Indonesia,1994,10.349999999999998,8.229662476382504,ID,-0.789275,113.921327
303,303,Indonesia,1995,9.87,7.923522723262877,ID,-0.789275,113.921327
304,304,Indonesia,1996,10.47,8.42209048610388,ID,-0.789275,113.921327
305,305,Indonesia,1997,10.38,8.301346018327974,ID,-0.789275,113.921327
306,306,Indonesia,1998,8.489999999999998,6.724162977745843,ID,-0.789275,113.921327
307,307,Indonesia,1999,7.96,6.3137185584177615,ID,-0.789275,113.921327
308,308,Indonesia,2000,8.37,7.204485686258656,ID,-0.789275,113.921327
309,309,Indonesia,2001,8.690000000000001,7.692856506673169,ID,-0.789275,113.921327
310,310,Indonesia,2002,9.7,7.955592950221214,ID,-0.789275,113.921327
311,311,Indonesia,2003,10.06,8.177921500814195,ID,-0.789275,113.921327
312,312,Indonesia,2004,10.53,8.551761933753253,ID,-0.789275,113.921327
313,313,Indonesia,2005,10.04,8.157001821398628,ID,-0.789275,113.921327
314,314,Indonesia,2006,10.99,8.95020665697246,ID,-0.789275,113.921327
315,315,Indonesia,2007,10.87,8.873474511038305,ID,-0.789275,113.921327
316,316,Indonesia,2008,11.25,9.186832622955821,ID,-0.789275,113.921327
317,317,Indonesia,2009,11.55,9.452365727036794,ID,-0.789275,113.921327
318,318,Indonesia,2010,12.32,10.079501887997557,ID,-0.789275,113.921327
319,319,Indonesia,2011,12.86,10.530200677469004,ID,-0.789275,113.921327
320,320,Indonesia,2012,12.97,10.629909910926893,ID,-0.789275,113.921327
321,321,Indonesia,2013,13.54,11.076527447077675,ID,-0.789275,113.921327
322,322,Israel,1991,61.78,51.038435022406034,IL,31.046051000000002,34.851612
323,323,Israel,1992,61.15,51.05076368114705,IL,31.046051000000002,34.851612
324,324,Israel,1993,63.67999999999999,53.20469748177264,IL,31.046051000000002,34.851612
325,325,Israel,1994,70.92,58.947694571932146,IL,31.046051000000002,34.851612
326,326,Israel,1995,66.84,55.87419958661722,IL,31.046051000000002,34.851612
327,327,Israel,1996,68.77000000000001,57.2598279740394,IL,31.046051000000002,34.851612
328,328,Israel,1997,69.49,57.50550170779399,IL,31.046051000000002,34.851612
329,329,Israel,1998,68.21000000000001,56.71905901946494,IL,31.046051000000002,34.851612
330,330,Israel,1999,68.31,56.74168174550092,IL,31.046051000000002,34.851612
331,331,Israel,2000,85.31,78.76335905788606,IL,31.046051000000002,34.851612
332,332,Israel,2001,91.8,82.11119775268435,IL,31.046051000000002,34.851612
333,333,Israel,2002,99.16,84.00024358115583,IL,31.046051000000002,34.851612
334,334,Israel,2003,99.88,82.98849271583235,IL,31.046051000000002,34.851612
335,335,Israel,2004,100.88,83.94370986313857,IL,31.046051000000002,34.851612
336,336,Israel,2005,101.03,84.12884936883681,IL,31.046051000000002,34.851612
337,337,Israel,2006,102.6,91.29749927459422,IL,31.046051000000002,34.851612
338,338,Israel,2007,99.23,88.20129581144276,IL,31.046051000000002,34.851612
339,339,Israel,2008,102.1,90.70161168680862,IL,31.046051000000002,34.851612
340,340,Israel,2009,96.09,85.0176787425513,IL,31.046051000000002,34.851612
341,341,Israel,2010,97.58,86.30297411045545,IL,31.046051000000002,34.851612
342,342,Israel,2011,99.09,86.63379754684775,IL,31.046051000000002,34.851612
343,343,Israel,2012,98.28,88.5748410230152,IL,31.046051000000002,34.851612
344,344,Israel,2013,95.15,83.19966435655971,IL,31.046051000000002,34.851612
345,345,Japan,1991,38.47,32.58452838779526,JP,36.204824,138.252924
346,346,Japan,1992,39.82,33.21838476475373,JP,36.204824,138.252924
347,347,Japan,1993,40.13,33.3550642710723,JP,36.204824,138.252924
348,348,Japan,1994,40.63,34.04391994554889,JP,36.204824,138.252924
349,349,Japan,1995,44.06,34.78344712283192,JP,36.204824,138.252924
350,350,Japan,1996,44.32,35.01742951849861,JP,36.204824,138.252924
351,351,Japan,1997,42.28,33.823540208254464,JP,36.204824,138.252924
352,352,Japan,1998,42.36,33.63810983586029,JP,36.204824,138.252924
353,353,Japan,1999,44.16,33.889813709491875,JP,36.204824,138.252924
354,354,Japan,2000,45.26000000000001,34.79254419757377,JP,36.204824,138.252924
355,355,Japan,2001,44.77,33.43217838065889,JP,36.204824,138.252924
356,356,Japan,2002,44.67,34.064614752000985,JP,36.204824,138.252924
357,357,Japan,2003,45.0,33.60383455912788,JP,36.204824,138.252924
358,358,Japan,2004,44.3,33.67955099012142,JP,36.204824,138.252924
359,359,Japan,2005,46.71,33.26810848102314,JP,36.204824,138.252924
360,360,Japan,2006,45.81,32.75731399278837,JP,36.204824,138.252924
361,361,Japan,2007,46.17,32.981026053317144,JP,36.204824,138.252924
362,362,Japan,2008,46.48,33.32169791409655,JP,36.204824,138.252924
363,363,Japan,2009,45.78,33.39929743223704,JP,36.204824,138.252924
364,364,Japan,2010,47.65000000000001,34.136966803370555,JP,36.204824,138.252924
365,365,Japan,2011,48.78,34.086483909106605,JP,36.204824,138.252924
366,366,Japan,2012,49.78,34.7719833688343,JP,36.204824,138.252924
367,367,Japan,2013,49.45,34.664883338921506,JP,36.204824,138.252924
368,368,Kazakhstan,1991,0.0,0.0,KZ,48.019573,66.923684
369,369,Kazakhstan,1992,65.0,55.776717875446174,KZ,48.019573,66.923684
370,370,Kazakhstan,1993,62.21,57.84872448103039,KZ,48.019573,66.923684
371,371,Kazakhstan,1994,59.64,51.76683650211341,KZ,48.019573,66.923684
372,372,Kazakhstan,1995,52.23,41.6729719055301,KZ,48.019573,66.923684
373,373,Kazakhstan,1996,48.54,37.20294663943911,KZ,48.019573,66.923684
374,374,Kazakhstan,1997,43.23,32.25599958617964,KZ,48.019573,66.923684
375,375,Kazakhstan,1998,40.07,30.099079033543035,KZ,48.019573,66.923684
376,376,Kazakhstan,1999,39.3,29.164694000460862,KZ,48.019573,66.923684
377,377,Kazakhstan,2000,40.95,30.418332300356283,KZ,48.019573,66.923684
378,378,Kazakhstan,2001,44.56999999999999,32.9523469178112,KZ,48.019573,66.923684
379,379,Kazakhstan,2002,46.59,34.92790581789791,KZ,48.019573,66.923684
380,380,Kazakhstan,2003,48.78,35.80742067675435,KZ,48.019573,66.923684
381,381,Kazakhstan,2004,51.86,39.229865435023214,KZ,48.019573,66.923684
382,382,Kazakhstan,2005,55.73,42.47674211658874,KZ,48.019573,66.923684
383,383,Kazakhstan,2006,61.21,47.42912772935069,KZ,48.019573,66.923684
384,384,Kazakhstan,2007,62.84,48.7571119195899,KZ,48.019573,66.923684
385,385,Kazakhstan,2008,63.69,49.599239003340685,KZ,48.019573,66.923684
386,386,Kazakhstan,2009,63.35,48.17260888686797,KZ,48.019573,66.923684
387,387,Kazakhstan,2010,65.93,49.353120850096474,KZ,48.019573,66.923684
388,388,Kazakhstan,2011,69.74,48.946769753617055,KZ,48.019573,66.923684
389,389,Kazakhstan,2012,68.82,45.443142271836,KZ,48.019573,66.923684
390,390,Kazakhstan,2013,67.85,44.733340935872576,KZ,48.019573,66.923684
391,391,Malaysia,1991,41.3,35.327953273760365,MY,4.210483999999999,101.97576600000001
392,392,Malaysia,1992,45.71,39.2945470691104,MY,4.210483999999999,101.97576600000001
393,393,Malaysia,1993,49.48,42.634903425045536,MY,4.210483999999999,101.97576600000001
394,394,Malaysia,1994,51.52,44.35516398850047,MY,4.210483999999999,101.97576600000001
395,395,Malaysia,1995,51.89,44.842625246256134,MY,4.210483999999999,101.97576600000001
396,396,Malaysia,1996,52.02,44.191021255940456,MY,4.210483999999999,101.97576600000001
397,397,Malaysia,1997,51.8,43.58466315085253,MY,4.210483999999999,101.97576600000001
398,398,Malaysia,1998,49.6,42.01156357888607,MY,4.210483999999999,101.97576600000001
399,399,Malaysia,1999,45.55,38.974469159223,MY,4.210483999999999,101.97576600000001
400,400,Malaysia,2000,44.72,38.14907720717743,MY,4.210483999999999,101.97576600000001
401,401,Malaysia,2001,46.65,40.00341123433177,MY,4.210483999999999,101.97576600000001
402,402,Malaysia,2002,47.49,42.090846726372206,MY,4.210483999999999,101.97576600000001
403,403,Malaysia,2003,47.94,41.95031488470578,MY,4.210483999999999,101.97576600000001
404,404,Malaysia,2004,49.82,44.47334066792118,MY,4.210483999999999,101.97576600000001
405,405,Malaysia,2005,50.28,45.138571226990756,MY,4.210483999999999,101.97576600000001
406,406,Malaysia,2006,52.0,46.64195514230071,MY,4.210483999999999,101.97576600000001
407,407,Malaysia,2007,51.36,46.18375712338771,MY,4.210483999999999,101.97576600000001
408,408,Malaysia,2008,49.6,44.450539793848115,MY,4.210483999999999,101.97576600000001
409,409,Malaysia,2009,52.61,46.87173502640182,MY,4.210483999999999,101.97576600000001
410,410,Malaysia,2010,53.83,51.35439819342452,MY,4.210483999999999,101.97576600000001
411,411,Malaysia,2011,54.04,51.87840116025746,MY,4.210483999999999,101.97576600000001
412,412,Malaysia,2012,54.05,52.12952683383671,MY,4.210483999999999,101.97576600000001
413,413,Malaysia,2013,56.25,53.038533030469296,MY,4.210483999999999,101.97576600000001
414,414,Mexico,1991,38.56,26.550442733804175,MX,23.634501,-102.552784
415,415,Mexico,1992,39.83,27.12918846534892,MX,23.634501,-102.552784
416,416,Mexico,1993,40.99,27.451398368204647,MX,23.634501,-102.552784
417,417,Mexico,1994,43.8,30.208498007365122,MX,23.634501,-102.552784
418,418,Mexico,1995,43.26000000000001,29.536223669586548,MX,23.634501,-102.552784
419,419,Mexico,1996,41.6,30.297027145445284,MX,23.634501,-102.552784
420,420,Mexico,1997,44.83,32.52719925033048,MX,23.634501,-102.552784
421,421,Mexico,1998,48.59,35.35357608278746,MX,23.634501,-102.552784
422,422,Mexico,1999,50.38,36.382843302459996,MX,23.634501,-102.552784
423,423,Mexico,2000,53.040000000000006,37.734461829402,MX,23.634501,-102.552784
424,424,Mexico,2001,54.79,39.14325758636599,MX,23.634501,-102.552784
425,425,Mexico,2002,56.5,41.5538469583997,MX,23.634501,-102.552784
426,426,Mexico,2003,55.99,42.74870003500286,MX,23.634501,-102.552784
427,427,Mexico,2004,57.02,42.536923361553626,MX,23.634501,-102.552784
428,428,Mexico,2005,58.69,43.90799207667137,MX,23.634501,-102.552784
429,429,Mexico,2006,59.62000000000001,43.41993860294336,MX,23.634501,-102.552784
430,430,Mexico,2007,59.92999999999999,44.201744357711156,MX,23.634501,-102.552784
431,431,Mexico,2008,60.92,45.192918780020506,MX,23.634501,-102.552784
432,432,Mexico,2009,61.41,45.50873952287604,MX,23.634501,-102.552784
433,433,Mexico,2010,61.36,45.125680868190486,MX,23.634501,-102.552784
434,434,Mexico,2011,60.96,44.172420542871464,MX,23.634501,-102.552784
435,435,Mexico,2012,61.26000000000001,44.945218859362775,MX,23.634501,-102.552784
436,436,Mexico,2013,62.22,46.18905580312288,MX,23.634501,-102.552784
437,437,Mozambique,1991,4.94,4.269725980969176,MZ,-18.665695,35.529562
438,438,Mozambique,1992,4.91,4.074911345333246,MZ,-18.665695,35.529562
439,439,Mozambique,1993,4.83,4.024125805028197,MZ,-18.665695,35.529562
440,440,Mozambique,1994,5.04,4.099441062235611,MZ,-18.665695,35.529562
441,441,Mozambique,1995,11.23,3.957745505275525,MZ,-18.665695,35.529562
442,442,Mozambique,1996,11.19,3.9985911699504815,MZ,-18.665695,35.529562
443,443,Mozambique,1997,11.11,4.045540482074803,MZ,-18.665695,35.529562
444,444,Mozambique,1998,11.22,4.195784812714169,MZ,-18.665695,35.529562
445,445,Mozambique,1999,10.85,3.860680193112774,MZ,-18.665695,35.529562
446,446,Mozambique,2000,10.94,8.599176327462931,MZ,-18.665695,35.529562
447,447,Mozambique,2001,10.34,8.233133039171241,MZ,-18.665695,35.529562
448,448,Mozambique,2002,10.32,8.153510929921971,MZ,-18.665695,35.529562
449,449,Mozambique,2003,8.51,6.653787289560182,MZ,-18.665695,35.529562
450,450,Mozambique,2004,9.09,7.0427750892162875,MZ,-18.665695,35.529562
451,451,Mozambique,2005,9.66,7.518455337043022,MZ,-18.665695,35.529562
452,452,Mozambique,2006,7.700000000000001,5.981269545392226,MZ,-18.665695,35.529562
453,453,Mozambique,2007,8.389999999999999,6.382034773368442,MZ,-18.665695,35.529562
454,454,Mozambique,2008,8.799999999999997,6.106579424019362,MZ,-18.665695,35.529562
455,455,Mozambique,2009,7.97,6.211145979268268,MZ,-18.665695,35.529562
456,456,Mozambique,2010,7.880000000000001,6.123810001537732,MZ,-18.665695,35.529562
457,457,Mozambique,2011,8.23,6.437243273752317,MZ,-18.665695,35.529562
458,458,Mozambique,2012,8.21,6.827827223716843,MZ,-18.665695,35.529562
459,459,Mozambique,2013,8.5,7.156032490049938,MZ,-18.665695,35.529562
460,460,New Zealand,1991,97.95,79.25483799350211,NZ,-40.900557,174.88597099999998
461,461,New Zealand,1992,93.5,80.9948249828999,NZ,-40.900557,174.88597099999998
462,462,New Zealand,1993,105.01,74.0367401991212,NZ,-40.900557,174.88597099999998
463,463,New Zealand,1994,89.65,90.94513463240379,NZ,-40.900557,174.88597099999998
464,464,New Zealand,1995,122.48999999999998,92.9396219365822,NZ,-40.900557,174.88597099999998
465,465,New Zealand,1996,108.55,78.31462363471029,NZ,-40.900557,174.88597099999998
466,466,New Zealand,1997,107.66,84.18153197959789,NZ,-40.900557,174.88597099999998
467,467,New Zealand,1998,99.38,83.4743077056459,NZ,-40.900557,174.88597099999998
468,468,New Zealand,1999,107.66,82.47073677920909,NZ,-40.900557,174.88597099999998
469,469,New Zealand,2000,92.48,86.7044965190197,NZ,-40.900557,174.88597099999998
470,470,New Zealand,2001,100.9,87.75381708734068,NZ,-40.900557,174.88597099999998
471,471,New Zealand,2002,104.65,79.25044620696491,NZ,-40.900557,174.88597099999998
472,472,New Zealand,2003,107.57,92.39010888021228,NZ,-40.900557,174.88597099999998
473,473,New Zealand,2004,109.17,81.0432151347747,NZ,-40.900557,174.88597099999998
474,474,New Zealand,2005,102.94,85.6723896780202,NZ,-40.900557,174.88597099999998
475,475,New Zealand,2006,109.14,84.6790397229455,NZ,-40.900557,174.88597099999998
476,476,New Zealand,2007,115.92,85.08322811999491,NZ,-40.900557,174.88597099999998
477,477,New Zealand,2008,116.66,84.01978642430011,NZ,-40.900557,174.88597099999998
478,478,New Zealand,2009,104.39,66.95684664294211,NZ,-40.900557,174.88597099999998
479,479,New Zealand,2010,96.32,65.92454602829184,NZ,-40.900557,174.88597099999998
480,480,New Zealand,2011,126.18,73.20889865751826,NZ,-40.900557,174.88597099999998
481,481,New Zealand,2012,100.92,75.24639895339371,NZ,-40.900557,174.88597099999998
482,482,New Zealand,2013,101.41,67.00666257914808,NZ,-40.900557,174.88597099999998
483,483,Nigeria,1991,7.58,5.326580581174947,NG,9.081999,8.675277000000001
484,484,Nigeria,1992,7.51,5.269182203119401,NG,9.081999,8.675277000000001
485,485,Nigeria,1993,7.9499999999999975,5.492651177094326,NG,9.081999,8.675277000000001
486,486,Nigeria,1994,8.34,5.766072650926787,NG,9.081999,8.675277000000001
487,487,Nigeria,1995,8.459999999999999,5.854010179588027,NG,9.081999,8.675277000000001
488,488,Nigeria,1996,8.629999999999999,5.967544538664041,NG,9.081999,8.675277000000001
489,489,Nigeria,1997,8.92,6.195391008821666,NG,9.081999,8.675277000000001
490,490,Nigeria,1998,8.95,6.245213852493937,NG,9.081999,8.675277000000001
491,491,Nigeria,1999,9.0,6.33133496731058,NG,9.081999,8.675277000000001
492,492,Nigeria,2000,8.57,6.18034075128307,NG,9.081999,8.675277000000001
493,493,Nigeria,2001,9.19,6.85014015004887,NG,9.081999,8.675277000000001
494,494,Nigeria,2002,9.65,7.0921963866194115,NG,9.081999,8.675277000000001
495,495,Nigeria,2003,9.07,6.52760853174968,NG,9.081999,8.675277000000001
496,496,Nigeria,2004,9.15,6.6008827837179895,NG,9.081999,8.675277000000001
497,497,Nigeria,2005,8.989999999999998,6.48142378159935,NG,9.081999,8.675277000000001
498,498,Nigeria,2006,8.370000000000001,6.2763919203176215,NG,9.081999,8.675277000000001
499,499,Nigeria,2007,8.959999999999997,6.6030818368699205,NG,9.081999,8.675277000000001
500,500,Nigeria,2008,9.03,6.62194684231312,NG,9.081999,8.675277000000001
501,501,Nigeria,2009,9.28,6.6371946548335305,NG,9.081999,8.675277000000001
502,502,Nigeria,2010,9.42,6.123014533377949,NG,9.081999,8.675277000000001
503,503,Nigeria,2011,9.46,4.360854113865445,NG,9.081999,8.675277000000001
504,504,Nigeria,2012,9.28,4.960045268556182,NG,9.081999,8.675277000000001
505,505,Nigeria,2013,9.2,6.06053171305614,NG,9.081999,8.675277000000001
506,506,Pakistan,1991,12.11,9.764775424280336,PK,30.375321000000003,69.345116
507,507,Pakistan,1992,12.57,10.150141231669851,PK,30.375321000000003,69.345116
508,508,Pakistan,1993,13.67,11.13333686911459,PK,30.375321000000003,69.345116
509,509,Pakistan,1994,14.24,11.620966701523594,PK,30.375321000000003,69.345116
510,510,Pakistan,1995,14.65,11.985179987724278,PK,30.375321000000003,69.345116
511,511,Pakistan,1996,11.72,9.551650887665764,PK,30.375321000000003,69.345116
512,512,Pakistan,1997,12.48,10.134448969150613,PK,30.375321000000003,69.345116
513,513,Pakistan,1998,11.63,9.378725524506242,PK,30.375321000000003,69.345116
514,514,Pakistan,1999,11.76,9.503683353713171,PK,30.375321000000003,69.345116
515,515,Pakistan,2000,11.79,9.51591614756664,PK,30.375321000000003,69.345116
516,516,Pakistan,2001,11.88,9.595272593665113,PK,30.375321000000003,69.345116
517,517,Pakistan,2002,11.99,9.698236986228537,PK,30.375321000000003,69.345116
518,518,Pakistan,2003,12.1,9.778642505106736,PK,30.375321000000003,69.345116
519,519,Pakistan,2004,12.19,9.804217586193843,PK,30.375321000000003,69.345116
520,520,Pakistan,2005,12.25,9.844781613911325,PK,30.375321000000003,69.345116
521,521,Pakistan,2006,13.9,10.957923310128603,PK,30.375321000000003,69.345116
522,522,Pakistan,2007,14.21,11.167466297781015,PK,30.375321000000003,69.345116
523,523,Pakistan,2008,14.5,11.382185434702713,PK,30.375321000000003,69.345116
524,524,Pakistan,2009,14.8,11.65763058925068,PK,30.375321000000003,69.345116
525,525,Pakistan,2010,15.13,11.895280173498714,PK,30.375321000000003,69.345116
526,526,Pakistan,2011,15.52,12.185894715628214,PK,30.375321000000003,69.345116
527,527,Pakistan,2012,15.92,12.496600444495185,PK,30.375321000000003,69.345116
528,528,Pakistan,2013,16.409999999999997,12.795000626129156,PK,30.375321000000003,69.345116
529,529,Paraguay,1991,73.1,54.804089374103754,PY,-23.442503,-58.44383199999999
530,530,Paraguay,1992,78.44000000000003,58.478503138013885,PY,-23.442503,-58.44383199999999
531,531,Paraguay,1993,75.32000000000002,56.39930425592822,PY,-23.442503,-58.44383199999999
532,532,Paraguay,1994,77.14,56.9441995863451,PY,-23.442503,-58.44383199999999
533,533,Paraguay,1995,79.01,58.13247634351005,PY,-23.442503,-58.44383199999999
534,534,Paraguay,1996,74.19999999999997,53.86095193904765,PY,-23.442503,-58.44383199999999
535,535,Paraguay,1997,77.01,53.377774654391814,PY,-23.442503,-58.44383199999999
536,536,Paraguay,1998,75.24,52.199610556244345,PY,-23.442503,-58.44383199999999
537,537,Paraguay,1999,76.3,56.08685316381418,PY,-23.442503,-58.44383199999999
538,538,Paraguay,2000,70.39,48.02459124596896,PY,-23.442503,-58.44383199999999
539,539,Paraguay,2001,65.47999999999999,46.22472778791968,PY,-23.442503,-58.44383199999999
540,540,Paraguay,2002,73.21000000000002,46.58162403945823,PY,-23.442503,-58.44383199999999
541,541,Paraguay,2003,62.13,50.58889612068585,PY,-23.442503,-58.44383199999999
542,542,Paraguay,2004,51.98,40.73116937307808,PY,-23.442503,-58.44383199999999
543,543,Paraguay,2005,46.42,36.155701302319,PY,-23.442503,-58.44383199999999
544,544,Paraguay,2006,48.44,49.18066226966747,PY,-23.442503,-58.44383199999999
545,545,Paraguay,2007,43.27,47.94708824436489,PY,-23.442503,-58.44383199999999
546,546,Paraguay,2008,41.95,52.9011265375224,PY,-23.442503,-58.44383199999999
547,547,Paraguay,2009,40.97,55.601883205365716,PY,-23.442503,-58.44383199999999
548,548,Paraguay,2010,43.48,51.81742470367347,PY,-23.442503,-58.44383199999999
549,549,Paraguay,2011,50.1,48.969137685580655,PY,-23.442503,-58.44383199999999
550,550,Paraguay,2012,52.7,52.37053154333797,PY,-23.442503,-58.44383199999999
551,551,Paraguay,2013,53.61,50.4727291496709,PY,-23.442503,-58.44383199999999
552,552,Peru,1991,16.880000000000006,19.02784752411354,PE,-9.189967,-75.015152
553,553,Peru,1992,17.240000000000002,19.668330030355733,PE,-9.189967,-75.015152
554,554,Peru,1993,16.5,18.60834653915461,PE,-9.189967,-75.015152
555,555,Peru,1994,17.42,18.66773697509165,PE,-9.189967,-75.015152
556,556,Peru,1995,18.72,19.994375749830716,PE,-9.189967,-75.015152
557,557,Peru,1996,18.83,21.10708692087252,PE,-9.189967,-75.015152
558,558,Peru,1997,19.53,23.0011910223418,PE,-9.189967,-75.015152
559,559,Peru,1998,15.85,23.3978604541158,PE,-9.189967,-75.015152
560,560,Peru,1999,16.52,24.537875616654855,PE,-9.189967,-75.015152
561,561,Peru,2000,16.47,26.145596661068808,PE,-9.189967,-75.015152
562,562,Peru,2001,16.39,27.0580046120993,PE,-9.189967,-75.015152
563,563,Peru,2002,16.91,28.15785299002382,PE,-9.189967,-75.015152
564,564,Peru,2003,17.27,26.890897306158518,PE,-9.189967,-75.015152
565,565,Peru,2004,17.39,26.969342420156913,PE,-9.189967,-75.015152
566,566,Peru,2005,18.61,29.451210612229282,PE,-9.189967,-75.015152
567,567,Peru,2006,19.62,31.217933764484787,PE,-9.189967,-75.015152
568,568,Peru,2007,20.54,32.98581227642252,PE,-9.189967,-75.015152
569,569,Peru,2008,20.58,35.77327740158265,PE,-9.189967,-75.015152
570,570,Peru,2009,20.630000000000006,38.1455342402271,PE,-9.189967,-75.015152
571,571,Peru,2010,21.200000000000006,39.81665193690673,PE,-9.189967,-75.015152
572,572,Peru,2011,21.23,41.25082451581638,PE,-9.189967,-75.015152
573,573,Peru,2012,21.910000000000004,43.765710604245434,PE,-9.189967,-75.015152
574,574,Peru,2013,22.520000000000003,44.5529038332811,PE,-9.189967,-75.015152
575,575,Philippines,1991,20.66,14.487810884406441,PH,12.879721,121.77401699999999
576,576,Philippines,1992,20.64,14.017446514922652,PH,12.879721,121.77401699999999
577,577,Philippines,1993,21.77,15.423010594111915,PH,12.879721,121.77401699999999
578,578,Philippines,1994,22.53,15.822361416955106,PH,12.879721,121.77401699999999
579,579,Philippines,1995,23.59,16.889639985044898,PH,12.879721,121.77401699999999
580,580,Philippines,1996,25.340000000000003,19.97301692755245,PH,12.879721,121.77401699999999
581,581,Philippines,1997,26.72,21.044431605665764,PH,12.879721,121.77401699999999
582,582,Philippines,1998,26.6,21.078214102158643,PH,12.879721,121.77401699999999
583,583,Philippines,1999,28.22,22.279804360555733,PH,12.879721,121.77401699999999
584,584,Philippines,2000,28.77,22.77850312290483,PH,12.879721,121.77401699999999
585,585,Philippines,2001,29.33,23.18335110032669,PH,12.879721,121.77401699999999
586,586,Philippines,2002,30.31,23.950241086776234,PH,12.879721,121.77401699999999
587,587,Philippines,2003,30.68,23.94960307565001,PH,12.879721,121.77401699999999
588,588,Philippines,2004,30.27,23.877654151336518,PH,12.879721,121.77401699999999
589,589,Philippines,2005,29.68,23.63510122952533,PH,12.879721,121.77401699999999
590,590,Philippines,2006,31.16,24.84836099729541,PH,12.879721,121.77401699999999
591,591,Philippines,2007,33.05,26.329978887323843,PH,12.879721,121.77401699999999
592,592,Philippines,2008,33.62,26.76696665408593,PH,12.879721,121.77401699999999
593,593,Philippines,2009,33.45,26.772912122710704,PH,12.879721,121.77401699999999
594,594,Philippines,2010,34.47,27.720878041335432,PH,12.879721,121.77401699999999
595,595,Philippines,2011,34.480000000000004,28.10270300185515,PH,12.879721,121.77401699999999
596,596,Philippines,2012,34.78,27.607935734927807,PH,12.879721,121.77401699999999
597,597,Philippines,2013,35.099999999999994,28.36683759057949,PH,12.879721,121.77401699999999
598,598,Saudi Arabia,1991,45.6,36.512707109770155,SA,23.885942,45.079162
599,599,Saudi Arabia,1992,41.7,33.44682848544732,SA,23.885942,45.079162
600,600,Saudi Arabia,1993,37.21,31.75158048190772,SA,23.885942,45.079162
601,601,Saudi Arabia,1994,36.27,29.146723727917948,SA,23.885942,45.079162
602,602,Saudi Arabia,1995,45.13,37.155493607913115,SA,23.885942,45.079162
603,603,Saudi Arabia,1996,42.94,34.22716499291656,SA,23.885942,45.079162
604,604,Saudi Arabia,1997,45.81,36.28604469222317,SA,23.885942,45.079162
605,605,Saudi Arabia,1998,49.63,39.358318989232146,SA,23.885942,45.079162
606,606,Saudi Arabia,1999,52.25,41.22931524885293,SA,23.885942,45.079162
607,607,Saudi Arabia,2000,53.11,44.624530890257816,SA,23.885942,45.079162
608,608,Saudi Arabia,2001,50.33,45.08827268703936,SA,23.885942,45.079162
609,609,Saudi Arabia,2002,48.37000000000001,41.69756810472368,SA,23.885942,45.079162
610,610,Saudi Arabia,2003,49.63,41.00113494840501,SA,23.885942,45.079162
611,611,Saudi Arabia,2004,47.47,38.75443400426595,SA,23.885942,45.079162
612,612,Saudi Arabia,2005,52.16,43.33420311704708,SA,23.885942,45.079162
613,613,Saudi Arabia,2006,50.11,41.630228808115156,SA,23.885942,45.079162
614,614,Saudi Arabia,2007,52.03,43.26409932401759,SA,23.885942,45.079162
615,615,Saudi Arabia,2008,50.34,43.78293667389103,SA,23.885942,45.079162
616,616,Saudi Arabia,2009,53.75,46.21929847295819,SA,23.885942,45.079162
617,617,Saudi Arabia,2010,59.13,48.035200324663236,SA,23.885942,45.079162
618,618,Saudi Arabia,2011,58.43,50.47303709405586,SA,23.885942,45.079162
619,619,Saudi Arabia,2012,57.97,50.70339301953412,SA,23.885942,45.079162
620,620,Saudi Arabia,2013,63.75,51.48380121672359,SA,23.885942,45.079162
621,621,South Africa,1991,39.84,32.30255884679049,ZA,-30.559482,22.937506
622,622,South Africa,1992,41.09,31.889323796361808,ZA,-30.559482,22.937506
623,623,South Africa,1993,39.8,29.907969653357878,ZA,-30.559482,22.937506
624,624,South Africa,1994,40.2,30.396587645006623,ZA,-30.559482,22.937506
625,625,South Africa,1995,37.39,30.95917836782508,ZA,-30.559482,22.937506
626,626,South Africa,1996,36.95,30.23912218415349,ZA,-30.559482,22.937506
627,627,South Africa,1997,38.18000000000001,30.84980001868525,ZA,-30.559482,22.937506
628,628,South Africa,1998,35.40000000000001,29.142784639236,ZA,-30.559482,22.937506
629,629,South Africa,1999,37.23,32.599556944440344,ZA,-30.559482,22.937506
630,630,South Africa,2000,41.59,32.329209659651035,ZA,-30.559482,22.937506
631,631,South Africa,2001,39.08,33.34506384057977,ZA,-30.559482,22.937506
632,632,South Africa,2002,40.02,33.787010867427604,ZA,-30.559482,22.937506
633,633,South Africa,2003,42.040000000000006,34.63267424222267,ZA,-30.559482,22.937506
634,634,South Africa,2004,43.44,35.84690924462656,ZA,-30.559482,22.937506
635,635,South Africa,2005,45.91,37.49636785346088,ZA,-30.559482,22.937506
636,636,South Africa,2006,49.53,40.63367213986087,ZA,-30.559482,22.937506
637,637,South Africa,2007,52.8,43.360933142671506,ZA,-30.559482,22.937506
638,638,South Africa,2008,56.55,46.39593269433775,ZA,-30.559482,22.937506
639,639,South Africa,2009,57.48,46.978321906384146,ZA,-30.559482,22.937506
640,640,South Africa,2010,58.23,47.581254277522255,ZA,-30.559482,22.937506
641,641,South Africa,2011,59.31,48.52588965694415,ZA,-30.559482,22.937506
642,642,South Africa,2012,60.37000000000001,49.327302489322356,ZA,-30.559482,22.937506
643,643,South Africa,2013,64.92,48.334029433915774,ZA,-30.559482,22.937506
644,644,Sudan,1991,0.0,0.014382468529,SD,12.862807,30.217636
645,645,Sudan,1992,0.0,0.014627597857,SD,12.862807,30.217636
646,646,Sudan,1993,0.0,0.014551314209,SD,12.862807,30.217636
647,647,Sudan,1994,0.0,0.014950074288,SD,12.862807,30.217636
648,648,Sudan,1995,0.0,0.015956352252,SD,12.862807,30.217636
649,649,Sudan,1996,0.0,0.015490841886,SD,12.862807,30.217636
650,650,Sudan,1997,0.0,0.016209750217,SD,12.862807,30.217636
651,651,Sudan,1998,0.0,0.016398058700999998,SD,12.862807,30.217636
652,652,Sudan,1999,0.0,0.016240098578,SD,12.862807,30.217636
653,653,Sudan,2000,0.0,0.016535981853,SD,12.862807,30.217636
654,654,Sudan,2001,0.0,0.017107896299000003,SD,12.862807,30.217636
655,655,Sudan,2002,0.0,0.016683329796,SD,12.862807,30.217636
656,656,Sudan,2003,0.0,0.01695484861,SD,12.862807,30.217636
657,657,Sudan,2004,0.0,0.016786148349,SD,12.862807,30.217636
658,658,Sudan,2005,0.0,0.017660306296000003,SD,12.862807,30.217636
659,659,Sudan,2006,0.0,0.019876520524,SD,12.862807,30.217636
660,660,Sudan,2007,0.0,0.019291715917,SD,12.862807,30.217636
661,661,Sudan,2008,0.0,0.019391587074,SD,12.862807,30.217636
662,662,Sudan,2009,0.0,0.01854388634,SD,12.862807,30.217636
663,663,Sudan,2010,0.0,0.018539633444,SD,12.862807,30.217636
664,664,Sudan,2011,0.0,0.018259138688,SD,12.862807,30.217636
665,665,Sudan,2012,26.85,0.018154547138,SD,12.862807,30.217636
666,666,Sudan,2013,27.06,0.017691002065,SD,12.862807,30.217636
667,667,Thailand,1991,26.55,20.133865795547017,TH,15.870032,100.992541
668,668,Thailand,1992,29.75,22.655548554357843,TH,15.870032,100.992541
669,669,Thailand,1993,30.42,23.47896129773045,TH,15.870032,100.992541
670,670,Thailand,1994,29.76,21.961498069658493,TH,15.870032,100.992541
671,671,Thailand,1995,28.98,22.708094966278356,TH,15.870032,100.992541
672,672,Thailand,1996,28.47,23.02745405063811,TH,15.870032,100.992541
673,673,Thailand,1997,27.54,22.34967942820652,TH,15.870032,100.992541
674,674,Thailand,1998,27.53,21.74496175325878,TH,15.870032,100.992541
675,675,Thailand,1999,25.71,19.58435359446232,TH,15.870032,100.992541
676,676,Thailand,2000,26.66,22.121017896498998,TH,15.870032,100.992541
677,677,Thailand,2001,25.31,22.779723742929924,TH,15.870032,100.992541
678,678,Thailand,2002,26.17,23.32924362926856,TH,15.870032,100.992541
679,679,Thailand,2003,27.6,22.259506535683027,TH,15.870032,100.992541
680,680,Thailand,2004,26.51,21.20373331996017,TH,15.870032,100.992541
681,681,Thailand,2005,27.82,23.17382326027413,TH,15.870032,100.992541
682,682,Thailand,2006,28.95000000000001,23.589453484430837,TH,15.870032,100.992541
683,683,Thailand,2007,30.72,23.69789598359209,TH,15.870032,100.992541
684,684,Thailand,2008,28.32,20.860376150094023,TH,15.870032,100.992541
685,685,Thailand,2009,26.99,20.627455634108628,TH,15.870032,100.992541
686,686,Thailand,2010,28.1,20.900252439661234,TH,15.870032,100.992541
687,687,Thailand,2011,27.89,20.211662588784414,TH,15.870032,100.992541
688,688,Thailand,2012,28.18,20.121455419841247,TH,15.870032,100.992541
689,689,Thailand,2013,29.33,22.967641803700204,TH,15.870032,100.992541
690,690,Turkey,1991,21.02,17.252020642690123,TR,38.963745,35.243322
691,691,Turkey,1992,20.44,16.896988109719324,TR,38.963745,35.243322
692,692,Turkey,1993,20.37,16.844347612174413,TR,38.963745,35.243322
693,693,Turkey,1994,20.43,16.05693022086741,TR,38.963745,35.243322
694,694,Turkey,1995,20.81,17.456587503707983,TR,38.963745,35.243322
695,695,Turkey,1996,18.81,15.524589879917224,TR,38.963745,35.243322
696,696,Turkey,1997,20.54,16.875158335002933,TR,38.963745,35.243322
697,697,Turkey,1998,20.15,16.684687733464905,TR,38.963745,35.243322
698,698,Turkey,1999,21.36,17.769788630404513,TR,38.963745,35.243322
699,699,Turkey,2000,22.04,18.357322309114963,TR,38.963745,35.243322
700,700,Turkey,2001,20.22,16.78178337492554,TR,38.963745,35.243322
701,701,Turkey,2002,20.8,17.371310926534928,TR,38.963745,35.243322
702,702,Turkey,2003,22.230000000000004,18.862514933366768,TR,38.963745,35.243322
703,703,Turkey,2004,23.2,19.53218553709853,TR,38.963745,35.243322
704,704,Turkey,2005,22.83,19.22970936605055,TR,38.963745,35.243322
705,705,Turkey,2006,22.62,18.99636589742308,TR,38.963745,35.243322
706,706,Turkey,2007,25.72,21.477804014616066,TR,38.963745,35.243322
707,707,Turkey,2008,24.35,20.532422555425093,TR,38.963745,35.243322
708,708,Turkey,2009,25.54000000000001,21.59994069993939,TR,38.963745,35.243322
709,709,Turkey,2010,31.39,25.409893486996737,TR,38.963745,35.243322
710,710,Turkey,2011,33.42,26.10117483303184,TR,38.963745,35.243322
711,711,Turkey,2012,34.84,27.893688629095372,TR,38.963745,35.243322
712,712,Turkey,2013,35.13,28.001549125704337,TR,38.963745,35.243322
713,713,Ukraine,1991,0.0,0.0,UA,48.379433,31.16558
714,714,Ukraine,1992,59.58,47.67424457380898,UA,48.379433,31.16558
715,715,Ukraine,1993,49.46,39.696983364309396,UA,48.379433,31.16558
716,716,Ukraine,1994,45.91,34.339776015983446,UA,48.379433,31.16558
717,717,Ukraine,1995,38.87000000000001,30.61737589022361,UA,48.379433,31.16558
718,718,Ukraine,1996,36.97,29.133937993103594,UA,48.379433,31.16558
719,719,Ukraine,1997,33.6,26.51043486071882,UA,48.379433,31.16558
720,720,Ukraine,1998,32.06,25.072912836082804,UA,48.379433,31.16558
721,721,Ukraine,1999,32.02,24.89832182481453,UA,48.379433,31.16558
722,722,Ukraine,2000,31.17,24.299705392843386,UA,48.379433,31.16558
723,723,Ukraine,2001,28.20000000000001,23.13187811757283,UA,48.379433,31.16558
724,724,Ukraine,2002,32.29,25.43377465121061,UA,48.379433,31.16558
725,725,Ukraine,2003,34.19,27.45496935703353,UA,48.379433,31.16558
726,726,Ukraine,2004,38.73,30.561602440718328,UA,48.379433,31.16558
727,727,Ukraine,2005,37.91,29.713661475904285,UA,48.379433,31.16558
728,728,Ukraine,2006,41.53,33.09440824106636,UA,48.379433,31.16558
729,729,Ukraine,2007,44.85,36.112192210892246,UA,48.379433,31.16558
730,730,Ukraine,2008,51.07,41.61380084678002,UA,48.379433,31.16558
731,731,Ukraine,2009,48.40000000000001,39.48313259820763,UA,48.379433,31.16558
732,732,Ukraine,2010,49.07,40.73563722000114,UA,48.379433,31.16558
733,733,Ukraine,2011,48.96,39.83139864843621,UA,48.379433,31.16558
734,734,Ukraine,2012,54.03,44.0737467715653,UA,48.379433,31.16558
735,735,Ukraine,2013,54.74,44.44394258324047,UA,48.379433,31.16558
736,736,Uruguay,1991,92.98,82.09319774588522,UY,-32.522779,-55.765834999999996
737,737,Uruguay,1992,94.24,84.47311050470898,UY,-32.522779,-55.765834999999996
738,738,Uruguay,1993,97.18,75.2133309839655,UY,-32.522779,-55.765834999999996
739,739,Uruguay,1994,99.96,94.0904547726137,UY,-32.522779,-55.765834999999996
740,740,Uruguay,1995,84.99000000000002,76.61226552882184,UY,-32.522779,-55.765834999999996
741,741,Uruguay,1996,88.41999999999999,81.03348809779196,UY,-32.522779,-55.765834999999996
742,742,Uruguay,1997,85.43,78.95420680462607,UY,-32.522779,-55.765834999999996
743,743,Uruguay,1998,87.91,80.99923150057867,UY,-32.522779,-55.765834999999996
744,744,Uruguay,1999,88.73,85.02048759261723,UY,-32.522779,-55.765834999999996
745,745,Uruguay,2000,78.76,86.71460057087113,UY,-32.522779,-55.765834999999996
746,746,Uruguay,2001,86.36,70.42148010770674,UY,-32.522779,-55.765834999999996
747,747,Uruguay,2002,78.95,69.2776243550486,UY,-32.522779,-55.765834999999996
748,748,Uruguay,2003,59.33,55.45398780385128,UY,-32.522779,-55.765834999999996
749,749,Uruguay,2004,62.26000000000001,59.62516169790314,UY,-32.522779,-55.765834999999996
750,750,Uruguay,2005,57.47,72.08903028316604,UY,-32.522779,-55.765834999999996
751,751,Uruguay,2006,59.57,64.29823077408123,UY,-32.522779,-55.765834999999996
752,752,Uruguay,2007,60.48,61.32195573874308,UY,-32.522779,-55.765834999999996
753,753,Uruguay,2008,75.3,71.02120967043986,UY,-32.522779,-55.765834999999996
754,754,Uruguay,2009,70.13000000000001,57.702601434535815,UY,-32.522779,-55.765834999999996
755,755,Uruguay,2010,75.15,72.74753216117777,UY,-32.522779,-55.765834999999996
756,756,Uruguay,2011,76.05999999999997,74.26726646010606,UY,-32.522779,-55.765834999999996
757,757,Uruguay,2012,70.26,70.80886141164356,UY,-32.522779,-55.765834999999996
758,758,Uruguay,2013,82.30000000000003,62.670739472471844,UY,-32.522779,-55.765834999999996
759,782,Zambia,1991,14.82,6.451088217495197,ZM,-13.133897,27.849332
760,783,Zambia,1992,14.349999999999998,6.4847924504983645,ZM,-13.133897,27.849332
761,784,Zambia,1993,14.15,6.931951794734178,ZM,-13.133897,27.849332
762,785,Zambia,1994,13.68,6.8372618573711215,ZM,-13.133897,27.849332
763,786,Zambia,1995,12.67,6.380267854537673,ZM,-13.133897,27.849332
764,787,Zambia,1996,12.59,6.638357879892862,ZM,-13.133897,27.849332
765,788,Zambia,1997,13.52,6.784285529930135,ZM,-13.133897,27.849332
766,789,Zambia,1998,13.810000000000002,6.724859757574189,ZM,-13.133897,27.849332
767,790,Zambia,1999,14.15,7.199317898094053,ZM,-13.133897,27.849332
768,791,Zambia,2000,13.579999999999998,6.7735956361795004,ZM,-13.133897,27.849332
769,792,Zambia,2001,13.759999999999998,6.835315304698173,ZM,-13.133897,27.849332
770,793,Zambia,2002,13.95,7.813299485277356,ZM,-13.133897,27.849332
771,794,Zambia,2003,13.95,7.694724580146527,ZM,-13.133897,27.849332
772,795,Zambia,2004,13.23,7.394052691366949,ZM,-13.133897,27.849332
773,796,Zambia,2005,13.65,7.511049446219945,ZM,-13.133897,27.849332
774,797,Zambia,2006,12.669999999999998,7.225289968671023,ZM,-13.133897,27.849332
775,798,Zambia,2007,12.8,7.328859819070729,ZM,-13.133897,27.849332
776,799,Zambia,2008,12.75,8.617889402481817,ZM,-13.133897,27.849332
777,800,Zambia,2009,13.44,10.842584127007632,ZM,-13.133897,27.849332
778,801,Zambia,2010,14.03,12.322668536742391,ZM,-13.133897,27.849332
779,802,Zambia,2011,13.4,12.291256057609244,ZM,-13.133897,27.849332
780,803,Zambia,2012,13.3,13.427039924039235,ZM,-13.133897,27.849332
781,804,Zambia,2013,13.04,14.229222049718974,ZM,-13.133897,27.849332
