Country,Year,Consumption
Australia,1991,83.4374133834259
Australia,1992,81.22254961838848
Australia,1993,81.6479051733333
Australia,1994,83.4127015944378
Australia,1995,79.4288965122536
Australia,1996,80.43330896227491
Australia,1997,83.7253630506092
Australia,1998,84.3024479816774
Australia,1999,85.5928990030114
Australia,2000,87.0223391266279
Australia,2001,83.330461712118
Australia,2002,86.7277145571126
Australia,2003,86.17815085849159
Australia,2004,90.5056989829463
Australia,2005,91.1975099692704
Australia,2006,92.2565101875025
Australia,2007,90.9990429704039
Australia,2008,86.7568859890162
Australia,2009,87.17370261029629
Australia,2010,92.05821507760355
Australia,2011,90.43918022065428
Australia,2012,91.98230317056588
Australia,2013,92.56678853711738
Australia,2014,91.45885904421121
Australia,2015,92.00030663661467
Australia,2016,94.68428133563677
Australia,2017,94.61153196483062
Australia,2018,94.99905360565086
Australia,2019,95.10693222467484
Australia,2020,95.36866629892032
Australia,2021,95.3638341101979
Australia,2022,95.32827562390293
Australia,2023,95.32147797456885
Australia,2024,95.3063665261483
Australia,2025,95.30580353240282
Australia,2026,95.31429791660304
Australia,1990,40.629354654820105
Canada,1991,71.21825646240592
Canada,1992,72.56115700436096
Canada,1993,71.49858271287735
Canada,1994,74.13838112263201
Canada,1995,73.49570327498675
Canada,1996,71.6103806325663
Canada,1997,71.65575733220591
Canada,1998,75.1229899020565
Canada,1999,77.83927459292201
Canada,2000,77.86397278370657
Canada,2001,78.37852232545973
Canada,2002,77.73590394601585
Canada,2003,77.02114246304978
Canada,2004,77.46805009069642
Canada,2005,74.13951626512002
Canada,2006,74.58922999994546
Canada,2007,76.43845204263495
Canada,2008,74.92580283638979
Canada,2009,73.17940971700261
Canada,2010,71.30828217656001
Canada,2011,69.24251610764254
Canada,2012,69.6748116292564
Canada,2013,68.71043646103215
Canada,2014,67.89675556311944
Canada,2015,69.43215533019858
Canada,2016,70.06310437922883
Canada,2017,69.99196886431707
Canada,2018,69.1530919532083
Canada,2019,70.67256097455967
Canada,2020,70.60051132575667
Canada,2021,70.10988332139593
Canada,2022,69.44320968943043
Canada,2023,69.91215504024235
Canada,2024,70.90918427433868
Canada,2025,70.7221249613822
Canada,2026,70.57086766089338
Canada,1990,71.99417133123474
Japan,1991,32.58452838779526
Japan,1992,33.21838476475373
Japan,1993,33.3550642710723
Japan,1994,34.04391994554889
Japan,1995,34.783447122831916
Japan,1996,35.01742951849861
Japan,1997,33.823540208254464
Japan,1998,33.63810983586029
Japan,1999,33.88981370949187
Japan,2000,34.792544197573775
Japan,2001,33.43217838065889
Japan,2002,34.064614752000985
Japan,2003,33.60383455912788
Japan,2004,33.67955099012142
Japan,2005,33.26810848102314
Japan,2006,32.75731399278837
Japan,2007,32.98102605331714
Japan,2008,33.32169791409655
Japan,2009,33.39929743223704
Japan,2010,34.13696680337055
Japan,2011,34.0864839091066
Japan,2012,34.7719833688343
Japan,2013,34.664883338921506
Japan,2014,35.22096355126751
Japan,2015,35.78483038300446
Japan,2016,36.17050804277046
Japan,2017,36.44910665052154
Japan,2018,36.65521758566961
Japan,2019,36.71148982534969
Japan,2020,36.75443403318781
Japan,2021,36.789738145716726
Japan,2022,36.87395521176418
Japan,2023,36.961744708519745
Japan,2024,37.047668380405284
Japan,2025,37.141962620113034
Japan,2026,37.279369297971584
Japan,1990,32.93160241036527
Korea,1991,21.911206988425167
Korea,1992,26.901768732198267
Korea,1993,26.938255077366417
Korea,1994,27.877340814882466
Korea,1995,30.042035011557786
Korea,1996,31.928922019596694
Korea,1997,32.00299142518632
Korea,1998,30.009056885152997
Korea,1999,35.38313766845326
Korea,2000,34.95715981928078
Korea,2001,35.33654964329568
Korea,2002,37.16244210462773
Korea,2003,39.47167695816401
Korea,2004,35.171424287229115
Korea,2005,36.61727264686758
Korea,2006,41.9109945301402
Korea,2007,43.69042995524837
Korea,2008,43.941183355867
Korea,2009,43.33637157369409
Korea,2010,46.4122608750892
Korea,2011,46.799324681143766
Korea,2012,46.12802477407677
Korea,2013,49.49689863308265
Korea,2014,53.27472349576094
Korea,2015,55.2541228484634
Korea,2016,55.6657782904392
Korea,2017,55.88522682410682
Korea,2018,56.14659187858724
Korea,2019,56.39494211535675
Korea,2020,56.64366420567588
Korea,2021,56.90085321823436
Korea,2022,57.19431205549875
Korea,2023,57.49175776811346
Korea,2024,57.78137152046345
Korea,2025,58.08348333041395
Korea,2026,58.39200875714066
Korea,1990,5.774255040224632
Mexico,1991,26.550442733804168
Mexico,1992,27.12918846534892
Mexico,1993,27.451398368204643
Mexico,1994,30.208498007365122
Mexico,1995,29.536223669586548
Mexico,1996,30.297027145445284
Mexico,1997,32.527199250330476
Mexico,1998,35.35357608278746
Mexico,1999,36.38284330245999
Mexico,2000,37.73446182940199
Mexico,2001,39.14325758636599
Mexico,2002,41.5538469583997
Mexico,2003,42.74870003500286
Mexico,2004,42.536923361553626
Mexico,2005,43.90799207667137
Mexico,2006,43.41993860294337
Mexico,2007,44.20174435771116
Mexico,2008,45.19291878002051
Mexico,2009,45.50873952287605
Mexico,2010,45.12568086819049
Mexico,2011,44.17242054287145
Mexico,2012,44.945218859362775
Mexico,2013,46.18905580312288
Mexico,2014,46.18373943467333
Mexico,2015,47.52400201880603
Mexico,2016,47.71680409305478
Mexico,2017,47.71028640008319
Mexico,2018,48.10066212751834
Mexico,2019,48.50462657054569
Mexico,2020,48.679331216642744
Mexico,2021,48.948378072649135
Mexico,2022,49.128220824205094
Mexico,2023,49.33458747434461
Mexico,2024,49.55039695324559
Mexico,2025,49.75294995780443
Mexico,2026,49.95297094398672
Mexico,1990,23.170568822645713
New Zealand,1991,79.25483799350211
New Zealand,1992,80.9948249828999
New Zealand,1993,74.0367401991212
New Zealand,1994,90.9451346324038
New Zealand,1995,92.9396219365822
New Zealand,1996,78.3146236347103
New Zealand,1997,84.18153197959789
New Zealand,1998,83.4743077056459
New Zealand,1999,82.47073677920909
New Zealand,2000,86.7044965190197
New Zealand,2001,87.75381708734069
New Zealand,2002,79.25044620696491
New Zealand,2003,92.3901088802123
New Zealand,2004,81.0432151347747
New Zealand,2005,85.6723896780202
New Zealand,2006,84.6790397229455
New Zealand,2007,85.0832281199949
New Zealand,2008,84.01978642430011
New Zealand,2009,66.9568466429421
New Zealand,2010,65.92454602829184
New Zealand,2011,73.20889865751826
New Zealand,2012,75.24639895339371
New Zealand,2013,67.00666257914808
New Zealand,2014,70.26660764042146
New Zealand,2015,71.30489693065893
New Zealand,2016,67.49351921746506
New Zealand,2017,72.13920251991688
New Zealand,2018,74.99480209475301
New Zealand,2019,73.65501805540238
New Zealand,2020,73.7179949855556
New Zealand,2021,74.16867898565565
New Zealand,2022,74.18124431164081
New Zealand,2023,74.08440329195149
New Zealand,2024,74.1261659908981
New Zealand,2025,74.02897505040713
New Zealand,2026,73.86631981594512
New Zealand,1990,79.4634286799288
Turkey,1991,17.252020642690123
Turkey,1992,16.896988109719324
Turkey,1993,16.844347612174417
Turkey,1994,16.05693022086741
Turkey,1995,17.456587503707986
Turkey,1996,15.524589879917226
Turkey,1997,16.875158335002933
Turkey,1998,16.684687733464905
Turkey,1999,17.769788630404513
Turkey,2000,18.357322309114963
Turkey,2001,16.78178337492554
Turkey,2002,17.371310926534925
Turkey,2003,18.862514933366775
Turkey,2004,19.532185537098535
Turkey,2005,19.22970936605055
Turkey,2006,18.99636589742308
Turkey,2007,21.477804014616062
Turkey,2008,20.532422555425093
Turkey,2009,21.59994069993939
Turkey,2010,25.40989348699674
Turkey,2011,26.101174833031838
Turkey,2012,27.89368862909537
Turkey,2013,28.001549125704337
Turkey,2014,29.18175182095717
Turkey,2015,30.187693945388965
Turkey,2016,30.246391515115324
Turkey,2017,30.38709688500988
Turkey,2018,30.355598049299488
Turkey,2019,30.455822910712005
Turkey,2020,30.57384137753019
Turkey,2021,30.697558274825468
Turkey,2022,30.86148251831359
Turkey,2023,31.047882960994833
Turkey,2024,31.216030633874343
Turkey,2025,31.431284459836604
Turkey,2026,31.642888351646285
Turkey,1990,17.71695359962782
United States,1991,90.10852146971774
United States,1992,92.62832875480511
United States,1993,92.29661244274713
United States,1994,94.16965272389258
United States,1995,93.84836147538135
United States,1996,93.10157445595908
United States,1997,92.42430351775864
United States,1998,94.82265864493263
United States,1999,98.13406352495555
United States,2000,97.99307317320526
United States,2001,96.92428724962434
United States,2002,100.22284768324889
United States,2003,99.47112965964702
United States,2004,100.7975967143792
United States,2005,100.60986513116514
United States,2006,100.71038328889973
United States,2007,100.35361713468183
United States,2008,98.35360050585241
United States,2009,95.86538687951776
United States,2010,95.16600060266177
United States,2011,94.03277746855379
United States,2012,91.90089442823636
United States,2013,91.73696353624611
United States,2014,91.28745799576484
United States,2015,95.52294849226577
United States,2016,97.09700207968436
United States,2017,98.60023489337924
United States,2018,97.64424108863906
United States,2019,97.818607042005
United States,2020,98.08227191253108
United States,2021,98.27026314844225
United States,2022,98.176968210273
United States,2023,98.31492731393845
United States,2024,98.31246632481817
United States,2025,98.35795925945894
United States,2026,98.09525171018299
United States,1990,88.61264919811089
Algeria,1991,14.374330616382748
Algeria,1992,14.689716168547655
Algeria,1993,15.11625647178901
Algeria,1994,15.278888908085158
Algeria,1995,14.980470033870393
Algeria,1996,15.273440899991293
Algeria,1997,14.496254649066573
Algeria,1998,15.457753071509007
Algeria,1999,15.102765828472817
Algeria,2000,15.379849575065919
Algeria,2001,14.239171999523904
Algeria,2002,15.008257167230543
Algeria,2003,15.692598431419274
Algeria,2004,17.233025832169822
Algeria,2005,17.427615637781663
Algeria,2006,16.405066411688757
Algeria,2007,16.318968232124426
Algeria,2008,15.728334615492901
Algeria,2009,16.244376343682053
Algeria,2010,16.13545949401933
Algeria,2011,16.80577975457232
Algeria,2012,17.760954159825612
Algeria,2013,17.79179566198626
Algeria,2014,17.851084120363694
Algeria,2015,17.442921637693463
Algeria,2016,17.202319697740855
Algeria,2017,17.326575365854936
Algeria,2018,17.32008428106242
Algeria,2019,17.343569260149167
Algeria,2020,17.389051914158564
Algeria,2021,17.50787750301227
Algeria,2022,17.633514944952566
Algeria,2023,17.753628473285183
Algeria,2024,17.890710537759208
Algeria,2025,18.024170944243956
Algeria,2026,18.15666446042315
Algeria,1990,14.208663356020075
Argentina,1991,67.99564986105361
Argentina,1992,72.47054290612242
Argentina,1993,76.57587575033908
Argentina,1994,74.0550240379628
Argentina,1995,70.96751004135045
Argentina,1996,69.77829877227245
Argentina,1997,70.9097684472008
Argentina,1998,71.47523640947794
Argentina,1999,76.02291331940829
Argentina,2000,74.5707847776629
Argentina,2001,65.41384070202227
Argentina,2002,62.26405388968287
Argentina,2003,65.8299594388256
Argentina,2004,70.21725620393191
Argentina,2005,72.9348481396642
Argentina,2006,76.14223845898725
Argentina,2007,81.8658232891585
Argentina,2008,83.0763107348564
Argentina,2009,84.26967047639158
Argentina,2010,80.495852622052
Argentina,2011,80.28220564545248
Argentina,2012,80.9905742530208
Argentina,2013,84.66433180222697
Argentina,2014,82.68065489816183
Argentina,2015,88.32923359127552
Argentina,2016,86.09768360211831
Argentina,2017,88.75628877748566
Argentina,2018,88.37965081932983
Argentina,2019,87.7644497573108
Argentina,2020,87.66651949377254
Argentina,2021,87.5666503488291
Argentina,2022,86.76415464021215
Argentina,2023,86.35178081539397
Argentina,2024,85.92518821844972
Argentina,2025,86.02291571251456
Argentina,2026,86.05564662890085
Argentina,1990,68.11417322594072
Bangladesh,1991,2.2525185789876083
Bangladesh,1992,2.2941336814086926
Bangladesh,1993,2.3654311656978186
Bangladesh,1994,2.409034015044468
Bangladesh,1995,2.4529725604053843
Bangladesh,1996,2.6263958527155613
Bangladesh,1997,2.7376290243967767
Bangladesh,1998,2.590799384447503
Bangladesh,1999,2.6001535438657752
Bangladesh,2000,2.5740262448246396
Bangladesh,2001,2.5430564347611977
Bangladesh,2002,2.5824271242587633
Bangladesh,2003,2.745163084576303
Bangladesh,2004,2.836334283534973
Bangladesh,2005,2.9093971061914328
Bangladesh,2006,3.009544031023636
Bangladesh,2007,3.079144466207701
Bangladesh,2008,3.1016014114301136
Bangladesh,2009,3.16598786411523
Bangladesh,2010,3.2149480433498154
Bangladesh,2011,3.2748480984495925
Bangladesh,2012,3.2834512431260165
Bangladesh,2013,3.2874055123974717
Bangladesh,2014,3.268721456603138
Bangladesh,2015,3.2756170924877197
Bangladesh,2016,3.264116770361409
Bangladesh,2017,3.2902103464961545
Bangladesh,2018,3.3123496060560997
Bangladesh,2019,3.3467038036679915
Bangladesh,2020,3.396983503466904
Bangladesh,2021,3.4529461734430194
Bangladesh,2022,3.515417168305857
Bangladesh,2023,3.559446498503733
Bangladesh,2024,3.6095435573101815
Bangladesh,2025,3.6472894843546744
Bangladesh,2026,3.649951875581439
Bangladesh,1990,2.2380924947118954
Brazil,1991,38.87844354429415
Brazil,1992,39.39559288930378
Brazil,1993,40.70682882102444
Brazil,1994,44.22203672965802
Brazil,1995,50.08500874775566
Brazil,1996,51.79537560678369
Brazil,1997,52.45189860500313
Brazil,1998,53.60272326824103
Brazil,1999,55.857226953636534
Brazil,2000,61.4445306488684
Brazil,2001,62.52986710077196
Brazil,2002,64.58564779461744
Brazil,2003,62.31053899016631
Brazil,2004,62.76087619238499
Brazil,2005,64.07667477171492
Brazil,2006,65.29422549293469
Brazil,2007,69.1140470665749
Brazil,2008,71.37827783289605
Brazil,2009,72.47211734861375
Brazil,2010,75.35539267589589
Brazil,2011,76.89828612862058
Brazil,2012,76.29146104498868
Brazil,2013,75.63286268641963
Brazil,2014,76.51613318600243
Brazil,2015,76.58228436640974
Brazil,2016,77.17809898398383
Brazil,2017,78.60357009984693
Brazil,2018,78.81261103907845
Brazil,2019,79.01649455129906
Brazil,2020,79.05211639226154
Brazil,2021,79.1625907432259
Brazil,2022,79.47216948039896
Brazil,2023,79.72972653047141
Brazil,2024,79.76539048190564
Brazil,2025,79.8169898714617
Brazil,2026,79.93466451398457
Brazil,1990,37.374611905520375
Chile,1991,29.37386036445875
Chile,1992,33.776223611276194
Chile,1993,38.03412228166997
Chile,1994,40.96940234486697
Chile,1995,45.40090559455102
Chile,1996,47.29223771570195
Chile,1997,48.988390490109964
Chile,1998,50.49020839952047
Chile,1999,50.4630024645917
Chile,2000,53.04148488614042
Chile,2001,53.24636258156765
Chile,2002,52.723301735978204
Chile,2003,54.13855824205449
Chile,2004,55.865851574047014
Chile,2005,56.56608830328453
Chile,2006,60.88921622164501
Chile,2007,63.338334538076985
Chile,2008,62.15089227785939
Chile,2009,59.896755547844386
Chile,2010,62.51524385764372
Chile,2011,64.73809262201547
Chile,2012,66.16119674910456
Chile,2013,69.16202534958512
Chile,2014,67.47304034026457
Chile,2015,67.17799302901086
Chile,2016,71.61541706996255
Chile,2017,71.97114593509326
Chile,2018,71.66151307725296
Chile,2019,71.69124039310712
Chile,2020,71.72407147578318
Chile,2021,71.83315806212782
Chile,2022,72.0224354754042
Chile,2023,72.22517429611705
Chile,2024,72.43833418234742
Chile,2025,72.63013438512485
Chile,2026,72.79509565017663
Chile,1990,28.871031564849503
China (People's Republic of),1991,20.75679802004362
China (People's Republic of),1992,22.493283522831206
China (People's Republic of),1993,24.85142111097349
China (People's Republic of),1994,28.016515007495624
China (People's Republic of),1995,30.341481910244724
China (People's Republic of),1996,29.170656934585672
China (People's Republic of),1997,33.38814412862281
China (People's Republic of),1998,35.93183550112066
China (People's Republic of),1999,36.55160928543897
China (People's Republic of),2000,38.060157334775674
China (People's Republic of),2001,38.58408760283672
China (People's Republic of),2002,39.81920076382375
China (People's Republic of),2003,39.02711450481624
China (People's Republic of),2004,39.4682245803428
China (People's Republic of),2005,41.25751380094093
China (People's Republic of),2006,42.163549477412374
China (People's Republic of),2007,40.96026669002744
China (People's Republic of),2008,43.63605082900082
China (People's Republic of),2009,45.291857947565404
China (People's Republic of),2010,46.77164857490658
China (People's Republic of),2011,45.96476028701876
China (People's Republic of),2012,48.183464925617024
China (People's Republic of),2013,49.74525524269341
China (People's Republic of),2014,50.257400456312254
China (People's Republic of),2015,50.00393294722264
China (People's Republic of),2016,50.033971319218665
China (People's Republic of),2017,50.19812474206253
China (People's Republic of),2018,50.754965335331306
China (People's Republic of),2019,51.43378472226109
China (People's Republic of),2020,52.03955537505681
China (People's Republic of),2021,52.58301579216945
China (People's Republic of),2022,53.12000086449059
China (People's Republic of),2023,53.69450734160176
China (People's Republic of),2024,54.21518603304116
China (People's Republic of),2025,54.792034406692025
China (People's Republic of),2026,55.352162807906836
China (People's Republic of),1990,16.710725384533472
Colombia,1991,26.604408139699018
Colombia,1992,25.130854126193647
Colombia,1993,25.934952094436895
Colombia,1994,27.745295536496478
Colombia,1995,29.74575596696546
Colombia,1996,27.803592416523472
Colombia,1997,26.825436707748782
Colombia,1998,27.45828496974311
Colombia,1999,26.601686419242103
Colombia,2000,27.031508792702517
Colombia,2001,27.770926331048994
Colombia,2002,28.218660946217042
Colombia,2003,28.059778682700685
Colombia,2004,29.285069618688834
Colombia,2005,31.53101120833608
Colombia,2006,33.586749077351044
Colombia,2007,34.85233122965474
Colombia,2008,35.88954172295627
Colombia,2009,34.92051748844239
Colombia,2010,36.27240674156818
Colombia,2011,37.886974763206375
Colombia,2012,39.35707883488887
Colombia,2013,41.94721175708187
Colombia,2014,43.51704355115018
Colombia,2015,44.341232502638505
Colombia,2016,43.6795117562876
Colombia,2017,43.92065648185915
Colombia,2018,44.03849052445879
Colombia,2019,44.236714209657585
Colombia,2020,44.5006668647972
Colombia,2021,44.78463413826099
Colombia,2022,45.06518636288092
Colombia,2023,45.363149752695506
Colombia,2024,45.700559130500004
Colombia,2025,46.05573795525177
Colombia,2026,46.40637384331664
Colombia,1990,26.050754619865547
Egypt,1991,11.447424962077374
Egypt,1992,11.487046778097556
Egypt,1993,12.228247081063754
Egypt,1994,12.795553005939826
Egypt,1995,13.141766262995814
Egypt,1996,13.453440118448391
Egypt,1997,15.565233465375496
Egypt,1998,15.462368537177595
Egypt,1999,16.040438139445065
Egypt,2000,16.47942705703821
Egypt,2001,14.421849440983793
Egypt,2002,14.896618483117239
Egypt,2003,15.167833187054024
Egypt,2004,15.616866498442102
Egypt,2005,16.426276705276017
Egypt,2006,18.631966289033958
Egypt,2007,20.064085804415747
Egypt,2008,18.743640482718064
Egypt,2009,19.784829997697734
Egypt,2010,20.58873253479754
Egypt,2011,20.24618669844224
Egypt,2012,21.717726524003336
Egypt,2013,19.913732876434793
Egypt,2014,19.980872892253355
Egypt,2015,20.131992715834492
Egypt,2016,19.96561065292321
Egypt,2017,19.944632347566337
Egypt,2018,19.901521368607995
Egypt,2019,19.892298279964887
Egypt,2020,19.968199890986234
Egypt,2021,19.93574639611089
Egypt,2022,19.922102373251494
Egypt,2023,19.90177459098905
Egypt,2024,19.87437903278398
Egypt,2025,19.864374206045174
Egypt,2026,19.887092330905396
Egypt,1990,10.553347706369479
Ethiopia,1991,0.0
Ethiopia,1992,0.0
Ethiopia,1993,4.6213448012395375
Ethiopia,1994,4.463708392725424
Ethiopia,1995,4.3635934163830115
Ethiopia,1996,4.606915010576976
Ethiopia,1997,4.489495224923084
Ethiopia,1998,4.460387997249662
Ethiopia,1999,4.492940063975052
Ethiopia,2000,4.420290291314739
Ethiopia,2001,4.615375842573666
Ethiopia,2002,5.1742285289476
Ethiopia,2003,4.928188795356318
Ethiopia,2004,4.937524636956791
Ethiopia,2005,4.975953690736131
Ethiopia,2006,5.2784201520835365
Ethiopia,2007,5.238344424050993
Ethiopia,2008,5.201276221686638
Ethiopia,2009,4.932821114603277
Ethiopia,2010,5.387508549674795
Ethiopia,2011,5.091549287937621
Ethiopia,2012,4.522990857805205
Ethiopia,2013,4.495212851067546
Ethiopia,2014,4.4489031570442386
Ethiopia,2015,4.394573941740046
Ethiopia,2016,4.183272662723547
Ethiopia,2017,4.218238214512085
Ethiopia,2018,4.184548680270214
Ethiopia,2019,4.180279485217488
Ethiopia,2020,4.2118478379428925
Ethiopia,2021,4.288223942214624
Ethiopia,2022,4.405043862190244
Ethiopia,2023,4.486476177819255
Ethiopia,2024,4.556472140789781
Ethiopia,2025,4.619585383644004
Ethiopia,2026,4.679875276872437
Ethiopia,1990,0.0
Ghana,1991,4.569646221366589
Ghana,1992,4.342169132593873
Ghana,1993,3.7492361968512418
Ghana,1994,3.6292775595587043
Ghana,1995,3.6477558903143525
Ghana,1996,3.4841439996365624
Ghana,1997,3.5199202212131
Ghana,1998,3.3646817493005985
Ghana,1999,4.1012965862961215
Ghana,2000,4.207173549627379
Ghana,2001,3.8551244441219454
Ghana,2002,4.624983197039853
Ghana,2003,5.700946546238934
Ghana,2004,5.284904529595993
Ghana,2005,5.645758130971676
Ghana,2006,6.374849728201074
Ghana,2007,8.229743910255845
Ghana,2008,8.077550017477135
Ghana,2009,7.453245370924839
Ghana,2010,8.538625932601432
Ghana,2011,9.757506468499914
Ghana,2012,10.379509374990212
Ghana,2013,11.046294530398706
Ghana,2014,9.406195635130999
Ghana,2015,8.888762413858647
Ghana,2016,9.095585334340697
Ghana,2017,9.321771113052174
Ghana,2018,9.5447228448011
Ghana,2019,9.729951848307124
Ghana,2020,9.843830178880584
Ghana,2021,9.933477743614501
Ghana,2022,10.046449769385688
Ghana,2023,10.159366905583836
Ghana,2024,10.295467145986704
Ghana,2025,10.428126293996739
Ghana,2026,10.571978025918394
Ghana,1990,3.6094518418458477
Haiti,1991,5.353846748552819
Haiti,1992,5.650489984391436
Haiti,1993,5.935703188282626
Haiti,1994,6.5486109934839565
Haiti,1995,7.41961761219262
Haiti,1996,7.19347690994344
Haiti,1997,7.810699030442738
Haiti,1998,9.074309073824711
Haiti,1999,10.392175527104852
Haiti,2000,9.294436906377207
Haiti,2001,9.69104613600597
Haiti,2002,10.666980578941772
Haiti,2003,11.162405197536701
Haiti,2004,9.669729076517847
Haiti,2005,10.674254944993258
Haiti,2006,10.406526184231224
Haiti,2007,10.87793608009241
Haiti,2008,10.439839548774719
Haiti,2009,11.428049467418386
Haiti,2010,13.196501467055743
Haiti,2011,13.888765674147287
Haiti,2012,13.818869589642368
Haiti,2013,13.461473936488916
Haiti,2014,13.238706284412743
Haiti,2015,14.144245159447184
Haiti,2016,14.046608782863832
Haiti,2017,14.187642266049945
Haiti,2018,14.217810620135744
Haiti,2019,14.304707903652076
Haiti,2020,14.42147697154412
Haiti,2021,14.560416154661057
Haiti,2022,14.70025745654048
Haiti,2023,14.858679757301132
Haiti,2024,15.0548527639601
Haiti,2025,15.285753630377595
Haiti,2026,15.479906918017921
Haiti,1990,5.267805958818159
India,1991,3.1201313717252344
India,1992,3.1227365278978874
India,1993,3.12642097445013
India,1994,3.082799725666411
India,1995,3.0423313607866262
India,1996,3.0998975452052577
India,1997,2.9772586112336663
India,1998,3.00914132565795
India,1999,3.014328932238793
India,2000,2.966565014261922
India,2001,3.007216638892162
India,2002,3.076841701563861
India,2003,3.038264547101699
India,2004,3.049503878759123
India,2005,3.021935216179274
India,2006,3.088164642910526
India,2007,3.247373624446031
India,2008,3.288194970093086
India,2009,3.3895407689149204
India,2010,3.299927752584037
India,2011,3.100110120196701
India,2012,3.0092997596909736
India,2013,2.7881383862033324
India,2014,2.79757874852577
India,2015,2.980602160867598
India,2016,3.098669777944785
India,2017,3.157137703818892
India,2018,3.204835820226346
India,2019,3.241023256159685
India,2020,3.2762839426420096
India,2021,3.3155928327312183
India,2022,3.3543437826125673
India,2023,3.395937118571651
India,2024,3.4337608120133556
India,2025,3.474377249949116
India,2026,3.5132357022019303
India,1990,3.024850236350305
Indonesia,1991,6.8517822574730545
Indonesia,1992,6.765050028733163
Indonesia,1993,7.762847858461052
Indonesia,1994,8.229662476382503
Indonesia,1995,7.923522723262878
Indonesia,1996,8.422090486103881
Indonesia,1997,8.301346018327974
Indonesia,1998,6.724162977745843
Indonesia,1999,6.313718558417761
Indonesia,2000,7.204485686258655
Indonesia,2001,7.692856506673169
Indonesia,2002,7.955592950221215
Indonesia,2003,8.177921500814195
Indonesia,2004,8.551761933753253
Indonesia,2005,8.157001821398627
Indonesia,2006,8.95020665697246
Indonesia,2007,8.873474511038305
Indonesia,2008,9.18683262295582
Indonesia,2009,9.452365727036792
Indonesia,2010,10.079501887997555
Indonesia,2011,10.530200677469004
Indonesia,2012,10.629909910926893
Indonesia,2013,11.076527447077678
Indonesia,2014,11.139346645403938
Indonesia,2015,11.230692261048157
Indonesia,2016,11.208410740456614
Indonesia,2017,11.27266475208834
Indonesia,2018,11.379741519985627
Indonesia,2019,11.468251752024372
Indonesia,2020,11.574137627796022
Indonesia,2021,11.68644537548652
Indonesia,2022,11.802714942369976
Indonesia,2023,11.926514152317614
Indonesia,2024,12.052973971072676
Indonesia,2025,12.1858660536691
Indonesia,2026,12.385068479961813
Indonesia,1990,6.433093348968522
Iran,1991,16.56331880441362
Iran,1992,18.249410721811937
Iran,1993,19.130496301256244
Iran,1994,18.788165268349633
Iran,1995,18.787894721746824
Iran,1996,20.082005326340727
Iran,1997,20.480220212414395
Iran,1998,20.700116656058793
Iran,1999,19.209835669329443
Iran,2000,20.257233937220406
Iran,2001,21.085799956714858
Iran,2002,21.445956732294725
Iran,2003,23.290599221535473
Iran,2004,24.42574206582475
Iran,2005,24.886299361742036
Iran,2006,26.22923273864277
Iran,2007,27.418244429863194
Iran,2008,26.53194213649425
Iran,2009,30.582937153081488
Iran,2010,29.459673008780584
Iran,2011,30.063982359619683
Iran,2012,29.552905065300642
Iran,2013,28.585483289253922
Iran,2014,28.920078174268177
Iran,2015,29.37607779973197
Iran,2016,29.475852339644305
Iran,2017,28.978980836808745
Iran,2018,29.163232025271117
Iran,2019,29.372682767781225
Iran,2020,29.59873207991741
Iran,2021,29.900552667814367
Iran,2022,30.27060916080907
Iran,2023,30.543431649509937
Iran,2024,30.838619335296904
Iran,2025,31.08375662299199
Iran,2026,31.365333175089333
Iran,1990,16.03085089693284
Israel,1991,51.038435022406034
Israel,1992,51.05076368114705
Israel,1993,53.20469748177264
Israel,1994,58.94769457193215
Israel,1995,55.874199586617216
Israel,1996,57.259827974039396
Israel,1997,57.50550170779399
Israel,1998,56.719059019464936
Israel,1999,56.74168174550092
Israel,2000,78.76335905788606
Israel,2001,82.11119775268435
Israel,2002,84.00024358115583
Israel,2003,82.98849271583236
Israel,2004,83.94370986313857
Israel,2005,84.12884936883681
Israel,2006,91.29749927459422
Israel,2007,88.20129581144276
Israel,2008,90.70161168680862
Israel,2009,85.0176787425513
Israel,2010,86.30297411045545
Israel,2011,86.63379754684775
Israel,2012,88.57484102301517
Israel,2013,83.19966435655971
Israel,2014,81.90208930559682
Israel,2015,81.45296898328874
Israel,2016,80.39099366978903
Israel,2017,80.35047219006277
Israel,2018,80.29330672727636
Israel,2019,80.2090035442078
Israel,2020,80.1469830771162
Israel,2021,80.13065370904692
Israel,2022,80.15477136220503
Israel,2023,80.19384436238977
Israel,2024,80.26390258046165
Israel,2025,80.33126308569427
Israel,2026,80.3537137046884
Israel,1990,47.11546155282321
Kazakhstan,1991,0.0
Kazakhstan,1992,55.77671787544617
Kazakhstan,1993,57.84872448103039
Kazakhstan,1994,51.76683650211341
Kazakhstan,1995,41.672971905530105
Kazakhstan,1996,37.20294663943912
Kazakhstan,1997,32.255999586179634
Kazakhstan,1998,30.09907903354303
Kazakhstan,1999,29.164694000460862
Kazakhstan,2000,30.418332300356283
Kazakhstan,2001,32.9523469178112
Kazakhstan,2002,34.92790581789791
Kazakhstan,2003,35.80742067675435
Kazakhstan,2004,39.229865435023214
Kazakhstan,2005,42.476742116588746
Kazakhstan,2006,47.42912772935069
Kazakhstan,2007,48.757111919589896
Kazakhstan,2008,49.59923900334068
Kazakhstan,2009,48.17260888686797
Kazakhstan,2010,49.353120850096474
Kazakhstan,2011,48.946769753617055
Kazakhstan,2012,45.44314227183601
Kazakhstan,2013,44.733340935872576
Kazakhstan,2014,44.98601742382115
Kazakhstan,2015,44.84480486212099
Kazakhstan,2016,43.866890539434124
Kazakhstan,2017,43.650129217819995
Kazakhstan,2018,43.251950072181685
Kazakhstan,2019,43.1775017068134
Kazakhstan,2020,43.30703484627311
Kazakhstan,2021,43.73060784019788
Kazakhstan,2022,44.18693465538962
Kazakhstan,2023,44.660803584936644
Kazakhstan,2024,45.174444388024256
Kazakhstan,2025,45.678164460533715
Kazakhstan,2026,46.17385669689343
Kazakhstan,1990,0.0
Malaysia,1991,35.32795327376037
Malaysia,1992,39.2945470691104
Malaysia,1993,42.63490342504554
Malaysia,1994,44.35516398850046
Malaysia,1995,44.84262524625613
Malaysia,1996,44.19102125594047
Malaysia,1997,43.58466315085253
Malaysia,1998,42.01156357888607
Malaysia,1999,38.974469159223
Malaysia,2000,38.14907720717743
Malaysia,2001,40.00341123433177
Malaysia,2002,42.090846726372206
Malaysia,2003,41.95031488470578
Malaysia,2004,44.47334066792118
Malaysia,2005,45.138571226990756
Malaysia,2006,46.64195514230071
Malaysia,2007,46.18375712338771
Malaysia,2008,44.45053979384812
Malaysia,2009,46.87173502640182
Malaysia,2010,51.35439819342452
Malaysia,2011,51.878401160257454
Malaysia,2012,52.12952683383671
Malaysia,2013,53.038533030469296
Malaysia,2014,53.78369339843489
Malaysia,2015,54.55406859184708
Malaysia,2016,54.22807268564887
Malaysia,2017,54.75202672347826
Malaysia,2018,54.726906298507735
Malaysia,2019,54.94656479347958
Malaysia,2020,55.15628112787422
Malaysia,2021,55.405900637084784
Malaysia,2022,55.63272624917233
Malaysia,2023,55.882610739152575
Malaysia,2024,56.12384995357981
Malaysia,2025,56.3620216263524
Malaysia,2026,56.62502782036805
Malaysia,1990,31.54559581793525
Mozambique,1991,4.269725980969176
Mozambique,1992,4.074911345333246
Mozambique,1993,4.024125805028197
Mozambique,1994,4.099441062235611
Mozambique,1995,3.957745505275525
Mozambique,1996,3.9985911699504824
Mozambique,1997,4.045540482074803
Mozambique,1998,4.195784812714169
Mozambique,1999,3.860680193112774
Mozambique,2000,8.599176327462931
Mozambique,2001,8.23313303917124
Mozambique,2002,8.153510929921971
Mozambique,2003,6.653787289560184
Mozambique,2004,7.0427750892162875
Mozambique,2005,7.518455337043022
Mozambique,2006,5.981269545392226
Mozambique,2007,6.382034773368443
Mozambique,2008,6.10657942401936
Mozambique,2009,6.211145979268268
Mozambique,2010,6.123810001537732
Mozambique,2011,6.437243273752319
Mozambique,2012,6.827827223716843
Mozambique,2013,7.156032490049939
Mozambique,2014,7.217738794574427
Mozambique,2015,7.283616402398189
Mozambique,2016,7.169052177010055
Mozambique,2017,7.207127090248556
Mozambique,2018,7.229242397213632
Mozambique,2019,7.297546982030581
Mozambique,2020,7.401662221495751
Mozambique,2021,7.514882684162398
Mozambique,2022,7.619868051367274
Mozambique,2023,7.747261835877343
Mozambique,2024,7.894797016178034
Mozambique,2025,8.035428075653373
Mozambique,2026,8.187371963903097
Mozambique,1990,4.183377617508861
Nigeria,1991,5.326580581174947
Nigeria,1992,5.269182203119401
Nigeria,1993,5.492651177094326
Nigeria,1994,5.766072650926787
Nigeria,1995,5.854010179588028
Nigeria,1996,5.967544538664039
Nigeria,1997,6.195391008821666
Nigeria,1998,6.245213852493938
Nigeria,1999,6.33133496731058
Nigeria,2000,6.18034075128307
Nigeria,2001,6.85014015004887
Nigeria,2002,7.09219638661941
Nigeria,2003,6.52760853174968
Nigeria,2004,6.60088278371799
Nigeria,2005,6.48142378159935
Nigeria,2006,6.276391920317621
Nigeria,2007,6.60308183686992
Nigeria,2008,6.62194684231312
Nigeria,2009,6.6371946548335305
Nigeria,2010,6.123014533377949
Nigeria,2011,4.360854113865445
Nigeria,2012,4.960045268556181
Nigeria,2013,6.06053171305614
Nigeria,2014,6.067074199726959
Nigeria,2015,6.037805520862678
Nigeria,2016,5.920714725621326
Nigeria,2017,5.9088540797551055
Nigeria,2018,5.896461753313207
Nigeria,2019,5.892991337811413
Nigeria,2020,5.896986822095954
Nigeria,2021,5.901536478642084
Nigeria,2022,5.900998792393898
Nigeria,2023,5.894333930515652
Nigeria,2024,5.891150877704748
Nigeria,2025,5.8883539653650905
Nigeria,2026,5.8930016376932635
Nigeria,1990,5.486242820994305
Pakistan,1991,9.764775424280336
Pakistan,1992,10.150141231669853
Pakistan,1993,11.13333686911459
Pakistan,1994,11.620966701523594
Pakistan,1995,11.985179987724278
Pakistan,1996,9.551650887665764
Pakistan,1997,10.134448969150611
Pakistan,1998,9.378725524506242
Pakistan,1999,9.503683353713171
Pakistan,2000,9.515916147566639
Pakistan,2001,9.595272593665111
Pakistan,2002,9.698236986228537
Pakistan,2003,9.778642505106735
Pakistan,2004,9.804217586193843
Pakistan,2005,9.844781613911325
Pakistan,2006,10.957923310128606
Pakistan,2007,11.167466297781017
Pakistan,2008,11.382185434702711
Pakistan,2009,11.657630589250681
Pakistan,2010,11.89528017349871
Pakistan,2011,12.185894715628214
Pakistan,2012,12.496600444495185
Pakistan,2013,12.795000626129154
Pakistan,2014,12.823524952863988
Pakistan,2015,12.837696118038878
Pakistan,2016,12.791395737619053
Pakistan,2017,12.788650663726619
Pakistan,2018,12.917208827778964
Pakistan,2019,12.873306557656568
Pakistan,2020,12.906750427109388
Pakistan,2021,12.94614682028373
Pakistan,2022,13.007955776336592
Pakistan,2023,13.078210120325544
Pakistan,2024,13.151069255561541
Pakistan,2025,13.229721951750712
Pakistan,2026,13.316675091614378
Pakistan,1990,9.613630316583475
Paraguay,1991,54.80408937410376
Paraguay,1992,58.47850313801388
Paraguay,1993,56.39930425592821
Paraguay,1994,56.9441995863451
Paraguay,1995,58.13247634351005
Paraguay,1996,53.860951939047645
Paraguay,1997,53.377774654391814
Paraguay,1998,52.199610556244345
Paraguay,1999,56.08685316381417
Paraguay,2000,48.024591245968956
Paraguay,2001,46.22472778791967
Paraguay,2002,46.58162403945823
Paraguay,2003,50.588896120685845
Paraguay,2004,40.731169373078075
Paraguay,2005,36.155701302319
Paraguay,2006,49.18066226966747
Paraguay,2007,47.947088244364885
Paraguay,2008,52.90112653752241
Paraguay,2009,55.60188320536571
Paraguay,2010,51.817424703673474
Paraguay,2011,48.969137685580655
Paraguay,2012,52.37053154333797
Paraguay,2013,50.4727291496709
Paraguay,2014,50.389773705383554
Paraguay,2015,52.7118051789996
Paraguay,2016,52.085887343834855
Paraguay,2017,52.67735209348823
Paraguay,2018,52.65908469104509
Paraguay,2019,52.890346509709005
Paraguay,2020,53.26887607535577
Paraguay,2021,53.701878654774895
Paraguay,2022,54.18930649909657
Paraguay,2023,54.657245001752116
Paraguay,2024,55.218801500577456
Paraguay,2025,55.70723938404624
Paraguay,2026,56.202735738485515
Paraguay,1990,41.97696108445229
Peru,1991,19.02784752411354
Peru,1992,19.668330030355733
Peru,1993,18.60834653915461
Peru,1994,18.66773697509165
Peru,1995,19.994375749830716
Peru,1996,21.10708692087252
Peru,1997,23.001191022341796
Peru,1998,23.3978604541158
Peru,1999,24.53787561665485
Peru,2000,26.14559666106881
Peru,2001,27.0580046120993
Peru,2002,28.15785299002382
Peru,2003,26.89089730615852
Peru,2004,26.969342420156913
Peru,2005,29.451210612229282
Peru,2006,31.21793376448478
Peru,2007,32.98581227642252
Peru,2008,35.773277401582654
Peru,2009,38.1455342402271
Peru,2010,39.81665193690675
Peru,2011,41.25082451581638
Peru,2012,43.765710604245434
Peru,2013,44.55290383328109
Peru,2014,45.207542661950704
Peru,2015,47.75203997109955
Peru,2016,47.655615149640205
Peru,2017,47.534875346418836
Peru,2018,47.56225502786555
Peru,2019,47.71462905977444
Peru,2020,47.86207309074846
Peru,2021,48.33276114918438
Peru,2022,48.346712015529
Peru,2023,48.577600012237696
Peru,2024,48.853902634573494
Peru,2025,49.113582124361415
Peru,2026,49.75293863509321
Peru,1990,17.793835612045058
Philippines,1991,14.48781088440644
Philippines,1992,14.017446514922653
Philippines,1993,15.423010594111915
Philippines,1994,15.822361416955104
Philippines,1995,16.889639985044898
Philippines,1996,19.973016927552447
Philippines,1997,21.04443160566576
Philippines,1998,21.07821410215864
Philippines,1999,22.279804360555737
Philippines,2000,22.77850312290483
Philippines,2001,23.183351100326686
Philippines,2002,23.950241086776224
Philippines,2003,23.949603075650007
Philippines,2004,23.877654151336515
Philippines,2005,23.635101229525333
Philippines,2006,24.848360997295405
Philippines,2007,26.329978887323833
Philippines,2008,26.766966654085934
Philippines,2009,26.772912122710704
Philippines,2010,27.72087804133543
Philippines,2011,28.102703001855147
Philippines,2012,27.6079357349278
Philippines,2013,28.36683759057949
Philippines,2014,29.105690220437673
Philippines,2015,28.792624385051013
Philippines,2016,29.221283141644935
Philippines,2017,29.61969809176539
Philippines,2018,29.629803874988042
Philippines,2019,29.851186838910124
Philippines,2020,30.07261644777545
Philippines,2021,30.161524157452344
Philippines,2022,30.27879578795739
Philippines,2023,30.400593404270918
Philippines,2024,30.522442874211176
Philippines,2025,30.648930726715257
Philippines,2026,30.792612528333542
Philippines,1990,14.017066753794436
Russia,1991,0.0
Russia,1992,31.06546423346105
Russia,1993,44.40323023831835
Russia,1994,43.247579408213824
Russia,1995,39.80497747301421
Russia,1996,36.69443981059106
Russia,1997,38.931130856634304
Russia,1998,36.0050541312387
Russia,1999,29.46348621903466
Russia,2000,29.45260676037427
Russia,2001,35.26193847160825
Russia,2002,38.89408761711003
Russia,2003,38.31109994720201
Russia,2004,38.7952128824941
Russia,2005,43.25924136461955
Russia,2006,44.90436420156394
Russia,2007,48.69500883078229
Russia,2008,54.54830451420946
Russia,2009,53.13974282515092
Russia,2010,53.768572403069804
Russia,2011,56.54179691854667
Russia,2012,60.51300702407379
Russia,2013,60.19025864953697
Russia,2014,59.39402369824452
Russia,2015,58.75274902863616
Russia,2016,59.38637432065636
Russia,2017,60.6595210497027
Russia,2018,61.24550591921293
Russia,2019,61.80068767593363
Russia,2020,62.174157975550315
Russia,2021,62.547042292063075
Russia,2022,63.02626612703152
Russia,2023,63.56867261197159
Russia,2024,63.98530947848164
Russia,2025,64.38574733947196
Russia,2026,64.83886626864742
Russia,1990,0.0
Saudi Arabia,1991,36.512707109770155
Saudi Arabia,1992,33.44682848544732
Saudi Arabia,1993,31.75158048190772
Saudi Arabia,1994,29.146723727917948
Saudi Arabia,1995,37.15549360791312
Saudi Arabia,1996,34.227164992916556
Saudi Arabia,1997,36.28604469222317
Saudi Arabia,1998,39.35831898923216
Saudi Arabia,1999,41.22931524885293
Saudi Arabia,2000,44.62453089025781
Saudi Arabia,2001,45.08827268703937
Saudi Arabia,2002,41.69756810472368
Saudi Arabia,2003,41.00113494840501
Saudi Arabia,2004,38.75443400426595
Saudi Arabia,2005,43.334203117047075
Saudi Arabia,2006,41.630228808115156
Saudi Arabia,2007,43.264099324017586
Saudi Arabia,2008,43.78293667389103
Saudi Arabia,2009,46.21929847295818
Saudi Arabia,2010,48.035200324663236
Saudi Arabia,2011,50.47303709405585
Saudi Arabia,2012,50.70339301953412
Saudi Arabia,2013,51.48380121672359
Saudi Arabia,2014,49.42265544210362
Saudi Arabia,2015,54.082558674258216
Saudi Arabia,2016,53.827776716272616
Saudi Arabia,2017,54.049113590846055
Saudi Arabia,2018,54.055524311605126
Saudi Arabia,2019,54.163843760391465
Saudi Arabia,2020,54.29581007419976
Saudi Arabia,2021,54.43672108172814
Saudi Arabia,2022,54.64906519440349
Saudi Arabia,2023,54.875848683318424
Saudi Arabia,2024,55.139377960015636
Saudi Arabia,2025,55.40964589574058
Saudi Arabia,2026,55.68918940783533
Saudi Arabia,1990,34.28669648472473
South Africa,1991,32.30255884679049
South Africa,1992,31.889323796361808
South Africa,1993,29.90796965335788
South Africa,1994,30.396587645006626
South Africa,1995,30.959178367825082
South Africa,1996,30.23912218415349
South Africa,1997,30.849800018685247
South Africa,1998,29.142784639235998
South Africa,1999,32.59955694444034
South Africa,2000,32.32920965965103
South Africa,2001,33.34506384057977
South Africa,2002,33.787010867427604
South Africa,2003,34.63267424222267
South Africa,2004,35.84690924462656
South Africa,2005,37.49636785346088
South Africa,2006,40.63367213986087
South Africa,2007,43.36093314267151
South Africa,2008,46.39593269433775
South Africa,2009,46.97832190638415
South Africa,2010,47.58125427752226
South Africa,2011,48.52588965694415
South Africa,2012,49.32730248932237
South Africa,2013,48.33402943391578
South Africa,2014,47.67102626412727
South Africa,2015,48.8544681532035
South Africa,2016,50.3665860236225
South Africa,2017,50.16904004092283
South Africa,2018,49.73410541976331
South Africa,2019,49.85195782920223
South Africa,2020,50.02358103290027
South Africa,2021,50.210035364105316
South Africa,2022,50.43308823556729
South Africa,2023,50.67547918068386
South Africa,2024,50.96956565716073
South Africa,2025,51.24632863721151
South Africa,2026,51.48512776101402
South Africa,1990,33.796196011848814
Sudan,1991,0.014382468529
Sudan,1992,0.014627597857000001
Sudan,1993,0.014551314209
Sudan,1994,0.014950074288
Sudan,1995,0.015956352252
Sudan,1996,0.015490841886
Sudan,1997,0.016209750217
Sudan,1998,0.016398058701
Sudan,1999,0.016240098578
Sudan,2000,0.016535981853
Sudan,2001,0.017107896299000003
Sudan,2002,0.016683329796
Sudan,2003,0.01695484861
Sudan,2004,0.016786148349
Sudan,2005,0.017660306296000003
Sudan,2006,0.019876520524
Sudan,2007,0.019291715916999998
Sudan,2008,0.019391587074
Sudan,2009,0.018543886339999996
Sudan,2010,0.018539633443999996
Sudan,2011,0.018259138688
Sudan,2012,0.018154547138
Sudan,2013,0.017691002065
Sudan,2014,0.017225421042999997
Sudan,2015,0.016890257642
Sudan,2016,0.016435114980999997
Sudan,2017,0.016189835534
Sudan,2018,0.0158137848
Sudan,2019,0.015653681142
Sudan,2020,0.015500261865
Sudan,2021,0.015451631024999999
Sudan,2022,0.015366618936
Sudan,2023,0.015259177876
Sudan,2024,0.015182761536
Sudan,2025,0.015081677937
Sudan,2026,0.01497748606
Sudan,1990,0.013387149271000001
Tanzania,1991,7.629008935861589
Tanzania,1992,7.57098162871679
Tanzania,1993,7.6357972890323875
Tanzania,1994,7.378500180328887
Tanzania,1995,8.138224070697147
Tanzania,1996,6.676657792655286
Tanzania,1997,6.6214706895272295
Tanzania,1998,6.649558609019003
Tanzania,1999,6.949088705452322
Tanzania,2000,7.080574930446026
Tanzania,2001,7.047181213476815
Tanzania,2002,7.196110608476023
Tanzania,2003,7.621609261375527
Tanzania,2004,7.466918041835936
Tanzania,2005,7.340473460026213
Tanzania,2006,7.687865507062071
Tanzania,2007,7.623910216270897
Tanzania,2008,7.472095757845654
Tanzania,2009,7.336149270127548
Tanzania,2010,6.509300518549013
Tanzania,2011,7.025019629480294
Tanzania,2012,7.085105757527225
Tanzania,2013,7.092918910586922
Tanzania,2014,6.989225940332619
Tanzania,2015,6.912981046343016
Tanzania,2016,6.7590757544084035
Tanzania,2017,6.82134243384241
Tanzania,2018,6.903326851610872
Tanzania,2019,6.938877385282997
Tanzania,2020,6.986291204641699
Tanzania,2021,7.028208406844113
Tanzania,2022,7.0604933558598155
Tanzania,2023,7.0765397579483365
Tanzania,2024,7.118419042174768
Tanzania,2025,7.185870026155925
Tanzania,2026,7.255423428550625
Tanzania,1990,7.463211278404886
Thailand,1991,20.133865795547017
Thailand,1992,22.655548554357843
Thailand,1993,23.478961297730446
Thailand,1994,21.961498069658493
Thailand,1995,22.70809496627836
Thailand,1996,23.02745405063811
Thailand,1997,22.349679428206517
Thailand,1998,21.74496175325878
Thailand,1999,19.58435359446232
Thailand,2000,22.121017896499
Thailand,2001,22.779723742929924
Thailand,2002,23.32924362926856
Thailand,2003,22.259506535683027
Thailand,2004,21.20373331996017
Thailand,2005,23.17382326027413
Thailand,2006,23.589453484430845
Thailand,2007,23.697895983592094
Thailand,2008,20.860376150094023
Thailand,2009,20.62745563410863
Thailand,2010,20.900252439661234
Thailand,2011,20.211662588784417
Thailand,2012,20.121455419841247
Thailand,2013,22.967641803700204
Thailand,2014,23.147986248570188
Thailand,2015,23.061723790789838
Thailand,2016,22.745666257021767
Thailand,2017,22.852912145695644
Thailand,2018,22.930035732600604
Thailand,2019,22.97523604664771
Thailand,2020,23.055722971479703
Thailand,2021,23.143575674949044
Thailand,2022,23.1890708781669
Thailand,2023,23.26353849714985
Thailand,2024,23.426257048393467
Thailand,2025,23.63748015274435
Thailand,2026,23.717006196430123
Thailand,1990,16.718502188473472
Ukraine,1991,0.0
Ukraine,1992,47.674244573808984
Ukraine,1993,39.696983364309396
Ukraine,1994,34.33977601598345
Ukraine,1995,30.61737589022361
Ukraine,1996,29.133937993103594
Ukraine,1997,26.510434860718824
Ukraine,1998,25.072912836082793
Ukraine,1999,24.898321824814527
Ukraine,2000,24.299705392843386
Ukraine,2001,23.131878117572832
Ukraine,2002,25.433774651210612
Ukraine,2003,27.454969357033534
Ukraine,2004,30.561602440718328
Ukraine,2005,29.71366147590428
Ukraine,2006,33.09440824106636
Ukraine,2007,36.112192210892246
Ukraine,2008,41.61380084678002
Ukraine,2009,39.48313259820763
Ukraine,2010,40.73563722000113
Ukraine,2011,39.8313986484362
Ukraine,2012,44.0737467715653
Ukraine,2013,44.443942583240464
Ukraine,2014,42.69318371201599
Ukraine,2015,40.659685845185685
Ukraine,2016,40.45278398328087
Ukraine,2017,41.683938178556176
Ukraine,2018,42.282676268736815
Ukraine,2019,43.30145531373513
Ukraine,2020,43.98740375925877
Ukraine,2021,44.65588949881378
Ukraine,2022,45.392785405049025
Ukraine,2023,46.16149373642571
Ukraine,2024,46.967321819033415
Ukraine,2025,47.75992125498713
Ukraine,2026,48.54209065746806
Ukraine,1990,0.0
Uruguay,1991,82.09319774588522
Uruguay,1992,84.47311050470898
Uruguay,1993,75.2133309839655
Uruguay,1994,94.0904547726137
Uruguay,1995,76.61226552882185
Uruguay,1996,81.03348809779195
Uruguay,1997,78.95420680462607
Uruguay,1998,80.99923150057867
Uruguay,1999,85.02048759261723
Uruguay,2000,86.71460057087113
Uruguay,2001,70.42148010770673
Uruguay,2002,69.2776243550486
Uruguay,2003,55.45398780385128
Uruguay,2004,59.62516169790314
Uruguay,2005,72.08903028316604
Uruguay,2006,64.29823077408123
Uruguay,2007,61.32195573874308
Uruguay,2008,71.02120967043986
Uruguay,2009,57.70260143453582
Uruguay,2010,72.74753216117776
Uruguay,2011,74.26726646010607
Uruguay,2012,70.80886141164356
Uruguay,2013,62.670739472471844
Uruguay,2014,74.6069628715337
Uruguay,2015,80.44178860393613
Uruguay,2016,81.03203428546256
Uruguay,2017,81.03636729106194
Uruguay,2018,80.99017138030568
Uruguay,2019,81.26367035345795
Uruguay,2020,81.67291982933048
Uruguay,2021,82.14881459376281
Uruguay,2022,82.67452140413944
Uruguay,2023,83.18863167673634
Uruguay,2024,83.78082648011856
Uruguay,2025,84.33479637118874
Uruguay,2026,84.74782582344686
Uruguay,1990,54.964810395259256
Viet Nam,1991,11.50327067564492
Viet Nam,1992,12.75278878508141
Viet Nam,1993,12.94698286180665
Viet Nam,1994,13.697067996323245
Viet Nam,1995,14.153117502391611
Viet Nam,1996,14.624026915374117
Viet Nam,1997,15.75385006254165
Viet Nam,1998,16.41642310141777
Viet Nam,1999,17.516436772879942
Viet Nam,2000,18.638469981401432
Viet Nam,2001,19.99909274332724
Viet Nam,2002,22.006289499348707
Viet Nam,2003,23.511714131459158
Viet Nam,2004,24.97632724714979
Viet Nam,2005,27.553381782441747
Viet Nam,2006,30.643329163316412
Viet Nam,2007,34.14381970910357
Viet Nam,2008,37.47643763077531
Viet Nam,2009,41.544890954752795
Viet Nam,2010,42.548380295247405
Viet Nam,2011,49.23406241918276
Viet Nam,2012,46.521662844804666
Viet Nam,2013,49.098285980055486
Viet Nam,2014,51.82262402548963
Viet Nam,2015,52.09143948052171
Viet Nam,2016,52.14105260037148
Viet Nam,2017,52.903401589468984
Viet Nam,2018,53.47728922831336
Viet Nam,2019,54.19499984406899
Viet Nam,2020,54.73056567358137
Viet Nam,2021,55.269140033991036
Viet Nam,2022,56.003516697639526
Viet Nam,2023,56.82951632721185
Viet Nam,2024,57.58516946563325
Viet Nam,2025,58.23087325947458
Viet Nam,2026,59.03620920688111
Viet Nam,1990,12.068389200347164
Zambia,1991,6.451088217495198
Zambia,1992,6.4847924504983645
Zambia,1993,6.931951794734178
Zambia,1994,6.837261857371123
Zambia,1995,6.380267854537673
Zambia,1996,6.638357879892864
Zambia,1997,6.784285529930135
Zambia,1998,6.724859757574189
Zambia,1999,7.199317898094053
Zambia,2000,6.7735956361795004
Zambia,2001,6.835315304698172
Zambia,2002,7.813299485277355
Zambia,2003,7.694724580146529
Zambia,2004,7.394052691366949
Zambia,2005,7.511049446219945
Zambia,2006,7.225289968671024
Zambia,2007,7.328859819070729
Zambia,2008,8.617889402481818
Zambia,2009,10.842584127007632
Zambia,2010,12.322668536742393
Zambia,2011,12.291256057609246
Zambia,2012,13.427039924039235
Zambia,2013,14.229222049718974
Zambia,2014,13.978452218449572
Zambia,2015,13.950358197301572
Zambia,2016,13.69596691052146
Zambia,2017,13.63836773770168
Zambia,2018,13.577054093558115
Zambia,2019,13.529973650524305
Zambia,2020,13.521490255172163
Zambia,2021,13.626903467708312
Zambia,2022,13.816013590164829
Zambia,2023,14.016614646930725
Zambia,2024,14.2062355046459
Zambia,2025,14.378805872264909
Zambia,2026,14.539853546468352
Zambia,1990,6.22609951443792
World,1991,0.0
World,1992,8.82811659136976
World,1993,19.61365138320718
World,1994,20.429531254551957
World,1995,20.89608969717193
World,1996,20.50960437829159
World,1997,21.40970358955742
World,1998,22.18111773797049
World,1999,22.32642755552616
World,2000,29.665883071170832
World,2001,29.86554318546229
World,2002,30.673519008332438
World,2003,30.31911781172667
World,2004,30.5292373186974
World,2005,31.16454722678388
World,2006,31.64552263945027
World,2007,32.08198540837755
World,2008,32.75465821612103
World,2009,32.99448626825827
World,2010,33.48214986798064
World,2011,33.40441714816559
World,2012,33.6727220115579
World,2013,33.929730540120445
World,2014,34.068049928385605
World,2015,34.2631124329449
World,2016,34.244111033145124
World,2017,34.36640101280622
World,2018,34.30050131737047
World,2019,34.36058165834467
World,2020,34.42781093858184
World,2021,34.47201177915798
World,2022,34.487618829782136
World,2023,34.55169877755615
World,2024,34.59043182516986
World,2025,34.625411942079594
World,2026,34.64209063551472
World,1990,0.0
Sub-Saharan Africa,1991,8.078305378949725
Sub-Saharan Africa,1992,8.018194306811255
Sub-Saharan Africa,1993,6.991665008174126
Sub-Saharan Africa,1994,6.894272208020294
Sub-Saharan Africa,1995,6.9438095714626
Sub-Saharan Africa,1996,6.97383850017151
Sub-Saharan Africa,1997,7.1208714198641445
Sub-Saharan Africa,1998,7.159461316432723
Sub-Saharan Africa,1999,7.210505717162979
Sub-Saharan Africa,2000,7.49672825391476
Sub-Saharan Africa,2001,7.700411173989574
Sub-Saharan Africa,2002,7.949571109561435
Sub-Saharan Africa,2003,7.887996419578533
Sub-Saharan Africa,2004,7.922913533727402
Sub-Saharan Africa,2005,8.121103494858756
Sub-Saharan Africa,2006,8.305508402519894
Sub-Saharan Africa,2007,8.567286377739514
Sub-Saharan Africa,2008,8.725329063596924
Sub-Saharan Africa,2009,8.67231911325368
Sub-Saharan Africa,2010,8.723360117578839
Sub-Saharan Africa,2011,8.596253692980829
Sub-Saharan Africa,2012,8.7534299098816
Sub-Saharan Africa,2013,8.91238650506308
Sub-Saharan Africa,2014,8.90630704368567
Sub-Saharan Africa,2015,8.54283078090336
Sub-Saharan Africa,2016,8.220107557061741
Sub-Saharan Africa,2017,8.19510495310989
Sub-Saharan Africa,2018,8.1350895015337
Sub-Saharan Africa,2019,8.10314808578294
Sub-Saharan Africa,2020,8.09164651957322
Sub-Saharan Africa,2021,8.12700122035403
Sub-Saharan Africa,2022,8.14365979746959
Sub-Saharan Africa,2023,8.14212092139173
Sub-Saharan Africa,2024,8.14821256211294
Sub-Saharan Africa,2025,8.15181793638342
Sub-Saharan Africa,2026,8.15991127519503
Sub-Saharan Africa,1990,8.127931405305247
OECD - Total,1991,43.85112461402061
OECD - Total,1992,44.89606613108851
OECD - Total,1993,45.02765660325162
OECD - Total,1994,45.86540488730543
OECD - Total,1995,46.04039804400112
OECD - Total,1996,45.989520806591244
OECD - Total,1997,46.10665961661709
OECD - Total,1998,48.05458720066558
OECD - Total,1999,48.530854402841996
OECD - Total,2000,65.30634263880937
OECD - Total,2001,65.34738897034572
OECD - Total,2002,67.16167591173985
OECD - Total,2003,66.77198123509429
OECD - Total,2004,66.83224645076356
OECD - Total,2005,67.00939849450901
OECD - Total,2006,67.03696553859662
OECD - Total,2007,67.9846578550904
OECD - Total,2008,67.00917467166045
OECD - Total,2009,65.8977571769414
OECD - Total,2010,66.4388799962442
OECD - Total,2011,66.0209264956789
OECD - Total,2012,65.44148102242328
OECD - Total,2013,65.30904420912017
OECD - Total,2014,66.03317177488782
OECD - Total,2015,68.25299115020788
OECD - Total,2016,69.0659112881373
OECD - Total,2017,69.70153598028685
OECD - Total,2018,69.35670356229238
OECD - Total,2019,69.51445030997634
OECD - Total,2020,69.79407356328903
OECD - Total,2021,69.88048725596629
OECD - Total,2022,69.84609933628086
OECD - Total,2023,70.02041595923077
OECD - Total,2024,70.18424463818604
OECD - Total,2025,70.26825896722215
OECD - Total,2026,70.222433373445
OECD - Total,1990,20.23199928882008
BRICS,1991,0.0
BRICS,1992,8.095551467572287
BRICS,1993,18.997146982372644
BRICS,1994,20.620525830749642
BRICS,1995,21.84595882705974
BRICS,1996,21.152483582091932
BRICS,1997,23.23565876149764
BRICS,1998,24.259644126666263
BRICS,1999,24.311305063287577
BRICS,2000,25.28308064097467
BRICS,2001,25.8637459653272
BRICS,2002,26.71944521354955
BRICS,2003,26.08191350074163
BRICS,2004,26.282514847664032
BRICS,2005,27.35571064232432
BRICS,2006,27.928518743610933
BRICS,2007,27.84574704922396
BRICS,2008,29.489388762846776
BRICS,2009,30.210437800941698
BRICS,2010,30.99190500287332
BRICS,2011,30.715300954704123
BRICS,2012,31.75750031319804
BRICS,2013,32.20640814670065
BRICS,2014,32.366773942198705
BRICS,2015,32.242810554301386
BRICS,2016,32.31708867079584
BRICS,2017,32.47831608395646
BRICS,2018,32.68789890314018
BRICS,2019,32.950555909041604
BRICS,2020,33.15848538201586
BRICS,2021,33.34250974449361
BRICS,2022,33.53851323983627
BRICS,2023,33.748153106367646
BRICS,2024,33.91039167261363
BRICS,2025,34.095660067146824
BRICS,2026,34.27664278091836
BRICS,1990,0.0
European Union (28 countries),1991,50.03467763068358
European Union (28 countries),1992,50.32363575301544
European Union (28 countries),1993,50.34755370483883
European Union (28 countries),1994,51.23131194748816
European Union (28 countries),1995,51.583445293203
European Union (28 countries),1996,52.240255528239494
European Union (28 countries),1997,52.371794517070846
European Union (28 countries),1998,55.30480865133606
European Union (28 countries),1999,53.80852424825696
European Union (28 countries),2000,66.18111832858386
European Union (28 countries),2001,67.16224410127997
European Union (28 countries),2002,68.6836463896841
European Union (28 countries),2003,67.52268407824668
European Union (28 countries),2004,67.03045259804378
European Union (28 countries),2005,67.38085562050367
European Union (28 countries),2006,66.8099133559301
European Union (28 countries),2007,68.42828290293883
European Union (28 countries),2008,67.21036847912465
European Union (28 countries),2009,66.16478665421499
European Union (28 countries),2010,66.78347895653839
European Union (28 countries),2011,66.59214801467002
European Union (28 countries),2012,65.71520423601163
European Union (28 countries),2013,64.93217370904698
European Union (28 countries),2014,66.52609160869169
European Union (28 countries),2015,68.57916576027237
European Union (28 countries),2016,69.16136120540835
European Union (28 countries),2017,69.64185825719511
European Union (28 countries),2018,69.15727253110772
European Union (28 countries),2019,69.11968583016977
European Union (28 countries),2020,69.49411729120509
European Union (28 countries),2021,69.42046957666042
European Union (28 countries),2022,69.22658998161265
European Union (28 countries),2023,69.32674275900067
European Union (28 countries),2024,69.45188610401178
European Union (28 countries),2025,69.41788572632106
European Union (28 countries),2026,69.23619108279344
European Union (28 countries),1990,50.476420210090716
